Authors,Author(s) ID,Title,Year,Source title,Volume,Issue,Art. No.,Page start,Page end,Page count,Cited by,DOI,Link,Document Type,Publication Stage,Open Access,Source,EID
"Balalaie, A., Heydarnoori, A., Jamshidi, P.","57189236912;14055787200;34880055700;","Microservices Architecture Enables DevOps: Migration to a Cloud-Native Architecture",2016,"IEEE Software","33","3","7436659","42","52",,365,"10.1109/MS.2016.64","https://www.scopus.com/inward/record.uri?eid=2-s2.0-84968796741&doi=10.1109%2fMS.2016.64&partnerID=40&md5=428311b5b8f1d1fed8654690c5a60fe0",Review,"Final","All Open Access, Green",Scopus,2-s2.0-84968796741
"Taibi, D., Lenarduzzi, V., Pahl, C.","55920884000;55348964400;55049859200;","Processes, Motivations, and Issues for Migrating to Microservices Architectures: An Empirical Investigation",2017,"IEEE Cloud Computing","4","5","8125558","22","32",,119,"10.1109/MCC.2017.4250931","https://www.scopus.com/inward/record.uri?eid=2-s2.0-85038613047&doi=10.1109%2fMCC.2017.4250931&partnerID=40&md5=b4889bdff1ae46384a04467f931220c0",Article,"Final","",Scopus,2-s2.0-85038613047
"Mazlami, G., Cito, J., Leitner, P.","57193015863;56495364200;18037605900;","Extraction of Microservices from Monolithic Software Architectures",2017,"Proceedings - 2017 IEEE 24th International Conference on Web Services, ICWS 2017",,,"8029803","524","531",,99,"10.1109/ICWS.2017.61","https://www.scopus.com/inward/record.uri?eid=2-s2.0-85032372980&doi=10.1109%2fICWS.2017.61&partnerID=40&md5=76deccb11538edbd7866455f17f937cf",Conference Paper,"Final","",Scopus,2-s2.0-85032372980
"Balalaie, A., Heydarnoori, A., Jamshidi, P.","57189236912;14055787200;34880055700;","Migrating to Cloud-Native architectures using microservices: An experience report",2016,"Communications in Computer and Information Science","567",,,"201","215",,87,"10.1007/978-3-319-33313-7_15","https://www.scopus.com/inward/record.uri?eid=2-s2.0-84966526539&doi=10.1007%2f978-3-319-33313-7_15&partnerID=40&md5=294fa7a530bb73b8b78ae2b486008150",Conference Paper,"Final","",Scopus,2-s2.0-84966526539
"Amaral, M., Polo, J., Carrera, D., Mohomed, I., Unuvar, M., Steinder, M.","36852003200;36603267600;9736961100;8503735900;55964249600;35615915700;","Performance evaluation of microservices architectures using containers",2016,"Proceedings - 2015 IEEE 14th International Symposium on Network Computing and Applications, NCA 2015",,,"7371699","27","34",,84,"10.1109/NCA.2015.49","https://www.scopus.com/inward/record.uri?eid=2-s2.0-84963600252&doi=10.1109%2fNCA.2015.49&partnerID=40&md5=6c7edd04e0d0c3f878d5a3fd4d126855",Conference Paper,"Final","All Open Access, Green",Scopus,2-s2.0-84963600252
"Jaramillo, D., Nguyen, D.V., Smart, R.","55840123600;57190438036;55840189700;","Leveraging microservices architecture by using Docker technology",2016,"Conference Proceedings - IEEE SOUTHEASTCON","2016-July",,"7506647","","",,74,"10.1109/SECON.2016.7506647","https://www.scopus.com/inward/record.uri?eid=2-s2.0-84979970420&doi=10.1109%2fSECON.2016.7506647&partnerID=40&md5=df9ef7d29ef3455b52ab3491f0b58a0e",Conference Paper,"Final","",Scopus,2-s2.0-84979970420
"Sill, A.","35227953600;","The Design and Architecture of Microservices",2016,"IEEE Cloud Computing","3","5","7742259","76","80",,74,"10.1109/MCC.2016.111","https://www.scopus.com/inward/record.uri?eid=2-s2.0-84997402736&doi=10.1109%2fMCC.2016.111&partnerID=40&md5=f4a9d927dbbe0c63632bfb31c6c8a4d1",Article,"Final","",Scopus,2-s2.0-84997402736
"Aderaldo, C.M., Mendonça, N.C., Pahl, C., Jamshidi, P.","57195362668;55889032000;55049859200;34880055700;","Benchmark Requirements for Microservices Architecture Research",2017,"Proceedings - 2017 IEEE/ACM 1st International Workshop on Establishing the Community-Wide Infrastructure for Architecture-Based Software Engineering, ECASE 2017",,,"7968049","8","13",,73,"10.1109/ECASE.2017.4","https://www.scopus.com/inward/record.uri?eid=2-s2.0-85027445401&doi=10.1109%2fECASE.2017.4&partnerID=40&md5=61d346a021eccc94d7914ec326403ca7",Conference Paper,"Final","",Scopus,2-s2.0-85027445401
"Toffetti, G., Brunner, S., Blöchlinger, M., Dudouet, F., Edmonds, A.","14033960700;57132295000;57133174800;55549500700;53363396200;","An architecture for self-managing microservices",2015,"Proceedings: AIMC 2015 - Automated Incident Management in Cloud, 1st International Workshop, in conjunction with EuroSYS 2015",,,,"19","24",,70,"10.1145/2747470.2747474","https://www.scopus.com/inward/record.uri?eid=2-s2.0-84958972998&doi=10.1145%2f2747470.2747474&partnerID=40&md5=c58df2c16852ba2dd73c1e932d991b6c",Conference Paper,"Final","",Scopus,2-s2.0-84958972998
"Sun, L., Li, Y., Memon, R.A.","57193603338;57246848000;57212605578;","An open IoT framework based on microservices architecture",2017,"China Communications","14","2","7868163","154","162",,63,"10.1109/CC.2017.7868163","https://www.scopus.com/inward/record.uri?eid=2-s2.0-85015161312&doi=10.1109%2fCC.2017.7868163&partnerID=40&md5=1e8bc5d8fbd474a9854e3989393ad074",Article,"Final","",Scopus,2-s2.0-85015161312
"Taherizadeh, S., Stankovski, V., Grobelnik, M.","36181688200;6603094693;57050676100;","A capillary computing architecture for dynamic internet of things: Orchestration of microservices from edge devices to fog and cloud providers",2018,"Sensors (Switzerland)","18","9","2938","","",,56,"10.3390/s18092938","https://www.scopus.com/inward/record.uri?eid=2-s2.0-85053075552&doi=10.3390%2fs18092938&partnerID=40&md5=2849d743089f70cbb46f1b0644f62c65",Article,"Final","All Open Access, Gold, Green",Scopus,2-s2.0-85053075552
"Rahman, M., Gao, J.","57212184206;7404475003;","A reusable automated acceptance testing architecture for microservices in behavior-driven development",2015,"Proceedings - 9th IEEE International Symposium on Service-Oriented System Engineering, IEEE SOSE 2015","30",,"7133548","321","325",,49,"10.1109/SOSE.2015.55","https://www.scopus.com/inward/record.uri?eid=2-s2.0-84990950599&doi=10.1109%2fSOSE.2015.55&partnerID=40&md5=fd8ac0b9d3c45d4f7f08aed564876ab2",Conference Paper,"Final","",Scopus,2-s2.0-84990950599
"Gouigoux, J.-P., Tamzalit, D.","56805198600;55891898900;","From monolith to microservices: Lessons learned on an industrial migration to a web oriented architecture",2017,"Proceedings - 2017 IEEE International Conference on Software Architecture Workshops, ICSAW 2017: Side Track Proceedings",,,"7958457","62","65",,47,"10.1109/ICSAW.2017.35","https://www.scopus.com/inward/record.uri?eid=2-s2.0-85025592012&doi=10.1109%2fICSAW.2017.35&partnerID=40&md5=5f601d6922482948f79fa4c45f45d76d",Conference Paper,"Final","",Scopus,2-s2.0-85025592012
"Vresk, T., Cavrak, I.","57190874220;6507337548;","Architecture of an interoperable IoT platform based on microservices",2016,"2016 39th International Convention on Information and Communication Technology, Electronics and Microelectronics, MIPRO 2016 - Proceedings",,,"7522321","1196","1201",,42,"10.1109/MIPRO.2016.7522321","https://www.scopus.com/inward/record.uri?eid=2-s2.0-84983616702&doi=10.1109%2fMIPRO.2016.7522321&partnerID=40&md5=5c08f939249f46b08509032fedf23d75",Conference Paper,"Final","",Scopus,2-s2.0-84983616702
"Herrera-Quintero, L.F., Vega-Alfonso, J.C., Banse, K.B.A., Carrillo Zambrano, E.","35186200500;57189241929;56972054900;57217139542;","Smart ITS Sensor for the Transportation Planning Based on IoT Approaches Using Serverless and Microservices Architecture",2018,"IEEE Intelligent Transportation Systems Magazine","10","2",,"17","27",,41,"10.1109/MITS.2018.2806620","https://www.scopus.com/inward/record.uri?eid=2-s2.0-85046034361&doi=10.1109%2fMITS.2018.2806620&partnerID=40&md5=626930a565241bbbddec937fb21226b3",Article,"Final","",Scopus,2-s2.0-85046034361
"Bogner, J., Zimmermann, A.","57189261793;36667800900;","Towards Integrating Microservices with Adaptable Enterprise Architecture",2016,"Proceedings - IEEE International Enterprise Distributed Object Computing Workshop, EDOCW","2016-September",,"7584392","158","163",,40,"10.1109/EDOCW.2016.7584392","https://www.scopus.com/inward/record.uri?eid=2-s2.0-84992626303&doi=10.1109%2fEDOCW.2016.7584392&partnerID=40&md5=e4cba2eb92caeb640be3a8ac8e297222",Conference Paper,"Final","",Scopus,2-s2.0-84992626303
"Salah, T., Zemerly, M.J., Yeun, C.Y., Al-Qutayri, M., Al-Hammadi, Y.","57193716515;6506874830;6508380997;6602401716;57219191220;","The evolution of distributed systems towards microservices architecture",2017,"2016 11th International Conference for Internet Technology and Secured Transactions, ICITST 2016",,,"7856721","318","325",,39,"10.1109/ICITST.2016.7856721","https://www.scopus.com/inward/record.uri?eid=2-s2.0-85016055420&doi=10.1109%2fICITST.2016.7856721&partnerID=40&md5=7df1f28fe52191a53c2df6e382791cc4",Conference Paper,"Final","",Scopus,2-s2.0-85016055420
"O'Connor, R.V., Elger, P., Clarke, P.M.","7202869241;55841370000;36536766400;","Continuous software engineering—A microservices architecture perspective",2017,"Journal of Software: Evolution and Process","29","11","e1866","","",,37,"10.1002/smr.1866","https://www.scopus.com/inward/record.uri?eid=2-s2.0-85017406300&doi=10.1002%2fsmr.1866&partnerID=40&md5=5eeccd05f4fba5748ec8b538e43cc6f7",Conference Paper,"Final","",Scopus,2-s2.0-85017406300
"Guo, D., Wang, W., Zeng, G., Wei, Z.","57190303571;56948522000;13611429800;57190307268;","Microservices architecture based cloudware deployment platform for service computing",2016,"Proceedings - 2016 IEEE Symposium on Service-Oriented System Engineering, SOSE 2016",,,"7473049","358","364",,33,"10.1109/SOSE.2016.22","https://www.scopus.com/inward/record.uri?eid=2-s2.0-84979017508&doi=10.1109%2fSOSE.2016.22&partnerID=40&md5=a886979cae7c3251ab985bb5784f4c31",Conference Paper,"Final","",Scopus,2-s2.0-84979017508
"Florio, L., Di Nitto, E.","55041300400;6602196755;","Gru: An approach to introduce decentralized autonomic behavior in microservices architectures",2016,"Proceedings - 2016 IEEE International Conference on Autonomic Computing, ICAC 2016",,,"7573165","357","362",,32,"10.1109/ICAC.2016.25","https://www.scopus.com/inward/record.uri?eid=2-s2.0-84991577890&doi=10.1109%2fICAC.2016.25&partnerID=40&md5=9d79dd2e9c065aa293f62e0e17908598",Conference Paper,"Final","",Scopus,2-s2.0-84991577890
"Carrasco, A., Van Bladel, B., Demeyer, S.","57208026539;57194027993;6602168026;","Migrating towards microservices: Migration and architecture smells",2018,"IWoR 2018 - Proceedings of the 2nd International Workshop on Refactoring, co-located with ASE 2018",,,,"1","6",,30,"10.1145/3242163.3242164","https://www.scopus.com/inward/record.uri?eid=2-s2.0-85060251022&doi=10.1145%2f3242163.3242164&partnerID=40&md5=2a982b1939eeefd56d20067b2770f806",Conference Paper,"Final","",Scopus,2-s2.0-85060251022
"Xu, R., Nikouei, S.Y., Chen, Y., Blasch, E., Aved, A.","57202455922;57203370720;57203162576;7003503895;16238100800;","BlendMAS: A blockchain-enabled decentralized microservices architecture for smart public safety",2019,"Proceedings - 2019 2nd IEEE International Conference on Blockchain, Blockchain 2019",,,"8946177","564","571",,28,"10.1109/Blockchain.2019.00082","https://www.scopus.com/inward/record.uri?eid=2-s2.0-85078699876&doi=10.1109%2fBlockchain.2019.00082&partnerID=40&md5=1511f383440b3b01e56bc06d75ea4b3f",Conference Paper,"Final","All Open Access, Green",Scopus,2-s2.0-85078699876
"Taneja, M., Jalodia, N., Byabazaire, J., Davy, A., Olariu, C.","57023539800;57208263305;57193567280;15123877900;57213455805;","SmartHerd management: A microservices-based fog computing–assisted IoT platform towards data-driven smart dairy farming",2019,"Software - Practice and Experience","49","7",,"1055","1078",,27,"10.1002/spe.2704","https://www.scopus.com/inward/record.uri?eid=2-s2.0-85066031096&doi=10.1002%2fspe.2704&partnerID=40&md5=91cc466aae084e579b4a5e8511e84720",Article,"Final","All Open Access, Hybrid Gold, Green",Scopus,2-s2.0-85066031096
"Bakshi, K.","37121568500;","Microservices-based software architecture and approaches",2017,"IEEE Aerospace Conference Proceedings",,,"7943959","","",,26,"10.1109/AERO.2017.7943959","https://www.scopus.com/inward/record.uri?eid=2-s2.0-85021218534&doi=10.1109%2fAERO.2017.7943959&partnerID=40&md5=bf542cdc66e45d86b454a8808cd7f2f6",Conference Paper,"Final","",Scopus,2-s2.0-85021218534
"Garriga, M.","55602337900;","Towards a taxonomy of microservices architectures",2018,"Lecture Notes in Computer Science (including subseries Lecture Notes in Artificial Intelligence and Lecture Notes in Bioinformatics)","10729 LNCS",,,"203","218",,25,"10.1007/978-3-319-74781-1_15","https://www.scopus.com/inward/record.uri?eid=2-s2.0-85042125420&doi=10.1007%2f978-3-319-74781-1_15&partnerID=40&md5=bcbd10c50ac8a25bb88e263876a98847",Conference Paper,"Final","",Scopus,2-s2.0-85042125420
"Selimi, M., Cerda-Alabern, L., Sanchez-Artigas, M., Freitag, F., Veiga, L.","56295183200;25722913600;10939155200;36898146800;6701821307;","Practical Service Placement Approach for Microservices Architecture",2017,"Proceedings - 2017 17th IEEE/ACM International Symposium on Cluster, Cloud and Grid Computing, CCGRID 2017",,,"7973726","401","410",,24,"10.1109/CCGRID.2017.28","https://www.scopus.com/inward/record.uri?eid=2-s2.0-85027465439&doi=10.1109%2fCCGRID.2017.28&partnerID=40&md5=375c6b5b65562f105e678f244a853b1f",Conference Paper,"Final","All Open Access, Green",Scopus,2-s2.0-85027465439
"Viennot, N., Lécuyer, M., Bell, J., Geambasu, R., Nieh, J.","26868315600;55841653800;55472337600;22937488300;7003645135;","Synapse: A microservices architecture for heterogeneous-database web applications",2015,"Proceedings of the 10th European Conference on Computer Systems, EuroSys 2015",,,"21","","",,24,"10.1145/2741948.2741975","https://www.scopus.com/inward/record.uri?eid=2-s2.0-84929598435&doi=10.1145%2f2741948.2741975&partnerID=40&md5=0f279166377a0f07e2d8ed8cb0b012ec",Conference Paper,"Final","",Scopus,2-s2.0-84929598435
"Datta, S.K., Bonnet, C.","55058001100;7102239655;","Next-Generation, Data Centric and End-to-End IoT Architecture Based on Microservices",2018,"2018 IEEE International Conference on Consumer Electronics - Asia, ICCE-Asia 2018",,,"8552135","","",,23,"10.1109/ICCE-ASIA.2018.8552135","https://www.scopus.com/inward/record.uri?eid=2-s2.0-85059476850&doi=10.1109%2fICCE-ASIA.2018.8552135&partnerID=40&md5=65c3b68607703e85e2d4a49acd74fbae",Conference Paper,"Final","",Scopus,2-s2.0-85059476850
"Waseem, M., Liang, P., Shahin, M.","57189504629;24923262400;57014668800;","A Systematic Mapping Study on Microservices Architecture in DevOps",2020,"Journal of Systems and Software","170",,"110798","","",,21,"10.1016/j.jss.2020.110798","https://www.scopus.com/inward/record.uri?eid=2-s2.0-85090026555&doi=10.1016%2fj.jss.2020.110798&partnerID=40&md5=6094b5d14e18c776ecdfcdada562f243",Article,"Final","All Open Access, Green",Scopus,2-s2.0-85090026555
"Ghofrani, J., Lübke, D.","57195150036;22433806400;","Challenges of microservices architecture: A survey on the state of the practice",2018,"CEUR Workshop Proceedings","2072",,,"1","8",,19,,"https://www.scopus.com/inward/record.uri?eid=2-s2.0-85054192115&partnerID=40&md5=c71bd6d7d8366278524b9fdda691715d",Conference Paper,"Final","",Scopus,2-s2.0-85054192115
"O'Connor, R.V., Elger, P., Clarke, P.M.","7202869241;55841370000;36536766400;","Exploring the impact of situational context - A case study of a software development process for a microservices architecture",2016,"Proceedings - International Conference on Software and System Process, ICSSP 2016",,,"2904368","6","10",,19,"10.1145/2904354.2904368","https://www.scopus.com/inward/record.uri?eid=2-s2.0-84974622057&doi=10.1145%2f2904354.2904368&partnerID=40&md5=c1fb3c35e3a7b37f2b93aa1bc2726200",Conference Paper,"Final","All Open Access, Green",Scopus,2-s2.0-84974622057
"Ponce, F., Marquez, G., Astudillo, H.","57193949387;56160547700;6603646692;","Migrating from monolithic architecture to microservices: A Rapid Review",2019,"Proceedings - International Conference of the Chilean Computer Science Society, SCCC","2019-November",,"8966423","","",,18,"10.1109/SCCC49216.2019.8966423","https://www.scopus.com/inward/record.uri?eid=2-s2.0-85078915764&doi=10.1109%2fSCCC49216.2019.8966423&partnerID=40&md5=2d5607f4cdaa4b0129de6dcb2e71a6ab",Conference Paper,"Final","",Scopus,2-s2.0-85078915764
"Kazanavicius, J., Mazeika, D.","57209661455;22035321600;","Migrating Legacy Software to Microservices Architecture",2019,"2019 Open Conference of Electrical, Electronic and Information Sciences, eStream 2019 - Proceedings",,,"8732170","","",,16,"10.1109/eStream.2019.8732170","https://www.scopus.com/inward/record.uri?eid=2-s2.0-85068359620&doi=10.1109%2feStream.2019.8732170&partnerID=40&md5=ee80dc37d5e79545f0867ef6eb5ea791",Conference Paper,"Final","",Scopus,2-s2.0-85068359620
"Van Eyk, E., Iosup, A., Grohmann, J., Eismann, S., Bauer, A., Versluis, L., Toader, L., Schmitt, N., Herbst, N., Abad, C.L.","57203098031;23392350500;57197744369;57203095294;57194177145;57203221723;57203220960;57194175189;55747080400;22957218500;","The SPEC-RG Reference Architecture for FaaS: From Microservices and Containers to Serverless Platforms",2019,"IEEE Internet Computing","23","6","8894540","7","18",,15,"10.1109/MIC.2019.2952061","https://www.scopus.com/inward/record.uri?eid=2-s2.0-85075520705&doi=10.1109%2fMIC.2019.2952061&partnerID=40&md5=2c84b6ce888abe7d46f361539885bbe4",Article,"Final","",Scopus,2-s2.0-85075520705
"Al-Debagy, O., Martinek, P.","57212389126;57207550423;","A Comparative Review of Microservices and Monolithic Architectures",2018,"18th IEEE International Symposium on Computational Intelligence and Informatics, CINTI 2018 - Proceedings",,,"8928192","149","154",,15,"10.1109/CINTI.2018.8928192","https://www.scopus.com/inward/record.uri?eid=2-s2.0-85077783518&doi=10.1109%2fCINTI.2018.8928192&partnerID=40&md5=ee6c0f01b783ae6cb6b72fef1b67a020",Conference Paper,"Final","All Open Access, Green",Scopus,2-s2.0-85077783518
"De Camargo, A., Dos Santos Mello, R., Salvadori, I., Siqueira, F.","57193566980;23388937400;56580363800;15061773500;","An Architecture to Automate Performance Tests on Microservices",2016,"ACM International Conference Proceeding Series",,,,"422","429",,15,"10.1145/3011141.3011179","https://www.scopus.com/inward/record.uri?eid=2-s2.0-85014922947&doi=10.1145%2f3011141.3011179&partnerID=40&md5=42eb6c13888f40d93cdfebd99c21b987",Conference Paper,"Final","",Scopus,2-s2.0-85014922947
"De Lauretis, L.","57212462540;","From monolithic architecture to microservices architecture",2019,"Proceedings - 2019 IEEE 30th International Symposium on Software Reliability Engineering Workshops, ISSREW 2019",,,"8990350","93","96",,14,"10.1109/ISSREW.2019.00050","https://www.scopus.com/inward/record.uri?eid=2-s2.0-85080926212&doi=10.1109%2fISSREW.2019.00050&partnerID=40&md5=d1a156b94b7f8c86a9ae10b67cd8ce9e",Conference Paper,"Final","",Scopus,2-s2.0-85080926212
"Ren, Z., Wang, W., Wu, G., Gao, C., Chen, W., Wei, J., Huang, T.","57196278470;56948460500;55483767200;51663446200;57087448000;34772294900;56808498100;","Migrating web applications from monolithic structure to microservices architecture",2018,"ACM International Conference Proceeding Series",,,"3275230","","",,14,"10.1145/3275219.3275230","https://www.scopus.com/inward/record.uri?eid=2-s2.0-85056743753&doi=10.1145%2f3275219.3275230&partnerID=40&md5=fc4dfbe9ec77fd82cdc4bd1cb7f3f4f0",Conference Paper,"Final","",Scopus,2-s2.0-85056743753
"Power, A., Kotonya, G.","57193190058;6506977840;","A Microservices Architecture for Reactive and Proactive Fault Tolerance in IoT Systems",2018,"19th IEEE International Symposium on a World of Wireless, Mobile and Multimedia Networks, WoWMoM 2018",,,"8449789","","",,14,"10.1109/WoWMoM.2018.8449789","https://www.scopus.com/inward/record.uri?eid=2-s2.0-85053778476&doi=10.1109%2fWoWMoM.2018.8449789&partnerID=40&md5=3218043687aba3ee6c0843dfbdcdf1ce",Conference Paper,"Final","All Open Access, Green",Scopus,2-s2.0-85053778476
"Zeiner, H., Goller, M., Expósito Jiménez, V.J., Salmhofer, F., Haas, W.","9045066200;57214286513;57192193149;57189238133;57225447277;","SeCoS: Web of Things platform based on a microservices architecture and support of time-awareness [SeCoS – Auf einer Microservice-Architektur aufbauende Web of Things-Plattform mit Unterstützung von Time-Awareness]",2016,"Elektrotechnik und Informationstechnik","133","3",,"158","162",,14,"10.1007/s00502-016-0404-z","https://www.scopus.com/inward/record.uri?eid=2-s2.0-84966655506&doi=10.1007%2fs00502-016-0404-z&partnerID=40&md5=e053f5f1e83c876bef8f76bc97c3b656",Article,"Final","",Scopus,2-s2.0-84966655506
"Harms, H., Rogowski, C., Lo Iacono, L.","23984486000;57195997199;25221954400;","Guidelines for adopting frontend architectures and patterns in microservices-based systems",2017,"Proceedings of the ACM SIGSOFT Symposium on the Foundations of Software Engineering","Part F130154",,,"902","907",,13,"10.1145/3106237.3117775","https://www.scopus.com/inward/record.uri?eid=2-s2.0-85030759214&doi=10.1145%2f3106237.3117775&partnerID=40&md5=1681968c0165204c8c29dd4f2c486ffa",Conference Paper,"Final","",Scopus,2-s2.0-85030759214
"Nunes, L., Santos, N., Rito Silva, A.","56966243300;57214563809;56514469800;","From a monolith to a microservices architecture: An approach based on transactional contexts",2019,"Lecture Notes in Computer Science (including subseries Lecture Notes in Artificial Intelligence and Lecture Notes in Bioinformatics)","11681 LNCS",,,"37","52",,11,"10.1007/978-3-030-29983-5_3","https://www.scopus.com/inward/record.uri?eid=2-s2.0-85072819091&doi=10.1007%2f978-3-030-29983-5_3&partnerID=40&md5=85d73cfa525c435f36f6f1bebf21b79f",Conference Paper,"Final","",Scopus,2-s2.0-85072819091
"Hawilo, H., Jammal, M., Shami, A.","56433676400;55936719900;6604003537;","Exploring Microservices as the Architecture of Choice for Network Function Virtualization Platforms",2019,"IEEE Network","33","2","8663967","202","210",,10,"10.1109/MNET.2019.1800023","https://www.scopus.com/inward/record.uri?eid=2-s2.0-85062972480&doi=10.1109%2fMNET.2019.1800023&partnerID=40&md5=2208e1019267432b363c08fb9afceaa3",Article,"Final","",Scopus,2-s2.0-85062972480
"Minami, Y., Taniguchi, A., Kawabata, T., Sakaida, N., Shimano, K.","57146590900;24336530400;7203002015;7004334798;7005828010;","An architecture and implementation of automatic network slicing for microservices",2018,"IEEE/IFIP Network Operations and Management Symposium: Cognitive Management in a Cyber World, NOMS 2018",,,,"1","4",,10,"10.1109/NOMS.2018.8406193","https://www.scopus.com/inward/record.uri?eid=2-s2.0-85050678743&doi=10.1109%2fNOMS.2018.8406193&partnerID=40&md5=c222c3e574d28b1e5e6fd0df5c1d6e6b",Conference Paper,"Final","",Scopus,2-s2.0-85050678743
"Waseem, M., Liang, P.","57189504629;24923262400;","Microservices architecture in DevOps",2018,"Proceedings - 2017 24th Asia-Pacific Software Engineering Conference Workshops, APSECW 2017","2018-January",,,"13","14",,10,"10.1109/APSECW.2017.18","https://www.scopus.com/inward/record.uri?eid=2-s2.0-85050612512&doi=10.1109%2fAPSECW.2017.18&partnerID=40&md5=2d33a6ebf33d1a772f6a6e83547caaba",Conference Paper,"Final","",Scopus,2-s2.0-85050612512
"Eski, S., Buzluca, F.","47061097100;55882789900;","An automatic extraction approach - Transition to microservices architecture from monolithic application",2018,"ACM International Conference Proceeding Series","Part F147763",,"a25","","",,10,"10.1145/3234152.3234195","https://www.scopus.com/inward/record.uri?eid=2-s2.0-85065767793&doi=10.1145%2f3234152.3234195&partnerID=40&md5=b2861f76be47a93c171779ededb6f331",Conference Paper,"Final","",Scopus,2-s2.0-85065767793
"Gadea, C., Trifan, M., Ionescu, D., Cordea, M., Ionescu, B.","26654220800;24825791500;7102900097;6602996508;57209188085;","A microservices architecture for collaborative document editing enhanced with face recognition",2016,"SACI 2016 - 11th IEEE International Symposium on Applied Computational Intelligence and Informatics, Proceedings",,,"7507409","441","446",,10,"10.1109/SACI.2016.7507409","https://www.scopus.com/inward/record.uri?eid=2-s2.0-84981313546&doi=10.1109%2fSACI.2016.7507409&partnerID=40&md5=cb33fcfca00f64b07d26bd8d817ad28a",Conference Paper,"Final","",Scopus,2-s2.0-84981313546
"Santos, N., Rito Silva, A.","57214563809;56514469800;","A complexity metric for microservices architecture migration",2020,"Proceedings - IEEE 17th International Conference on Software Architecture, ICSA 2020",,,"9101318","169","178",,8,"10.1109/ICSA47634.2020.00024","https://www.scopus.com/inward/record.uri?eid=2-s2.0-85085930749&doi=10.1109%2fICSA47634.2020.00024&partnerID=40&md5=12a66d246b11086adc90494d13443610",Conference Paper,"Final","",Scopus,2-s2.0-85085930749
"Al-Masri, E.","16306430700;","QoS-Aware IIoT Microservices Architecture",2018,"Proceedings - 2018 IEEE International Conference on Industrial Internet, ICII 2018",,,"8539119","171","172",,8,"10.1109/ICII.2018.00030","https://www.scopus.com/inward/record.uri?eid=2-s2.0-85059867828&doi=10.1109%2fICII.2018.00030&partnerID=40&md5=c42b37347c818759fd7e16f4e37774b9",Conference Paper,"Final","",Scopus,2-s2.0-85059867828
"Zimmermann, A., Schmidt, R., Sandkuhl, K., Jugel, D., Bogner, J., Möhring, M.","36667800900;35243418500;6603331991;55847105000;57189261793;6507441994;","Decision-controlled digitization architecture for internet of things and microservices",2018,"Smart Innovation, Systems and Technologies","73",,,"82","92",,8,"10.1007/978-3-319-59424-8_8","https://www.scopus.com/inward/record.uri?eid=2-s2.0-85020429809&doi=10.1007%2f978-3-319-59424-8_8&partnerID=40&md5=295d7a87bf569b7a82f60848e190538f",Conference Paper,"Final","",Scopus,2-s2.0-85020429809
"Lin, H., Zhao, J., Jiao, Y., Cao, J., Ouyang, H., Fang, H., Yuan, B.","57194943709;23391470500;57194939505;57194948445;55569745900;56413752900;57194941655;","Research on building an innovative electric power marketing business application system based on cloud computing and microservices architecture technologies",2017,"2017 2nd IEEE International Conference on Cloud Computing and Big Data Analysis, ICCCBDA 2017",,,"7951919","246","253",,8,"10.1109/ICCCBDA.2017.7951919","https://www.scopus.com/inward/record.uri?eid=2-s2.0-85024388534&doi=10.1109%2fICCCBDA.2017.7951919&partnerID=40&md5=0e424c3ca43c255604e3f91ddd4786a0",Conference Paper,"Final","",Scopus,2-s2.0-85024388534
"Al-Masri, E.","16306430700;","Enhancing the Microservices Architecture for the Internet of Things",2019,"Proceedings - 2018 IEEE International Conference on Big Data, Big Data 2018",,,"8622557","5119","5125",,7,"10.1109/BigData.2018.8622557","https://www.scopus.com/inward/record.uri?eid=2-s2.0-85062601171&doi=10.1109%2fBigData.2018.8622557&partnerID=40&md5=f63bdf01261fdededb51bd603fda0465",Conference Paper,"Final","",Scopus,2-s2.0-85062601171
"De Carvalho, J.O., Trinta, F., Vieira, D.","57202775930;18435007800;14632862000;","PacificClouds: A flexible microservices based architecture for interoperability in multi-cloud environments",2018,"CLOSER 2018 - Proceedings of the 8th International Conference on Cloud Computing and Services Science","2018-January",,,"448","455",,7,"10.5220/0006705604480455","https://www.scopus.com/inward/record.uri?eid=2-s2.0-85048774432&doi=10.5220%2f0006705604480455&partnerID=40&md5=82aa31bb88821923caa5be47e56b3f0e",Conference Paper,"Final","All Open Access, Hybrid Gold",Scopus,2-s2.0-85048774432
"Barais, O., Bourcier, J., Bromberg, Y.-D., Dion, C.","23395899700;22633402700;8729365100;57191248503;","Towards microservices architecture to transcode videos in the large at low costs",2016,"2016 International Conference on Telecommunications and Multimedia, TEMU 2016",,,"7551918","69","74",,7,"10.1109/TEMU.2016.7551918","https://www.scopus.com/inward/record.uri?eid=2-s2.0-84988322428&doi=10.1109%2fTEMU.2016.7551918&partnerID=40&md5=ffac5d9f4d060879ed80df1bec283270",Conference Paper,"Final","All Open Access, Green",Scopus,2-s2.0-84988322428
"Laigner, R., Kalinowski, M., Diniz, P., Barros, L., Cassino, C., Lemos, M., Arruda, D., Lifschitz, S., Zhou, Y.","57195258642;8288075800;57220420108;57220034959;24450281400;22334047700;56326376700;6602718355;9732488300;","From a Monolithic Big Data System to a Microservices Event-Driven Architecture",2020,"Proceedings - 46th Euromicro Conference on Software Engineering and Advanced Applications, SEAA 2020",,,"9226286","213","220",,6,"10.1109/SEAA51224.2020.00045","https://www.scopus.com/inward/record.uri?eid=2-s2.0-85096582582&doi=10.1109%2fSEAA51224.2020.00045&partnerID=40&md5=7308c76d96df207c3ca9379a0f407a13",Conference Paper,"Final","",Scopus,2-s2.0-85096582582
"Homay, A., Zoitl, A., De Sousa, M., Wollschlaeger, M.","56868656800;9736057900;7103201377;6701853265;","A survey: Microservices architecture in advanced manufacturing systems",2019,"IEEE International Conference on Industrial Informatics (INDIN)","2019-July",,"8972079","1165","1168",,6,"10.1109/INDIN41052.2019.8972079","https://www.scopus.com/inward/record.uri?eid=2-s2.0-85079047480&doi=10.1109%2fINDIN41052.2019.8972079&partnerID=40&md5=af140803f7aa9cf1238927c44792d1fe",Conference Paper,"Final","",Scopus,2-s2.0-85079047480
"Hidayat, T., Suhardi, Kurniawan, N.B.","57210329423;57205466215;56180539100;","Smart city service system engineering based on microservices architecture: Case study: Government of tangerang city",2018,"2017 International Conference on ICT for Smart Society, ICISS 2017","2018-January",,,"1","7",,6,"10.1109/ICTSS.2017.8288864","https://www.scopus.com/inward/record.uri?eid=2-s2.0-85049326791&doi=10.1109%2fICTSS.2017.8288864&partnerID=40&md5=6d5b9e33f9921436d6f5b251be9ce161",Conference Paper,"Final","",Scopus,2-s2.0-85049326791
"Boyer, F., Etchevers, X., de Palma, N., Tao, X.","7006603971;51461148800;15520660100;57202893285;","Architecture-based automated updates of distributed microservices",2018,"Lecture Notes in Computer Science (including subseries Lecture Notes in Artificial Intelligence and Lecture Notes in Bioinformatics)","11236 LNCS",,,"21","36",,6,"10.1007/978-3-030-03596-9_2","https://www.scopus.com/inward/record.uri?eid=2-s2.0-85056826772&doi=10.1007%2f978-3-030-03596-9_2&partnerID=40&md5=2bc7f800ab2032743637f544bc59b567",Conference Paper,"Final","",Scopus,2-s2.0-85056826772
"Afanasev, M.Y., Fedosov, Y.V., Krylova, A.A., Shorokhov, S.A.","57194081345;57194080548;57199323262;57199324457;","An application of microservices architecture pattern to create a modular computer numerical control system",2017,"Conference of Open Innovation Association, FRUCT","2017-April",,"8071286","10","19",,6,"10.23919/FRUCT.2017.8071286","https://www.scopus.com/inward/record.uri?eid=2-s2.0-85037811287&doi=10.23919%2fFRUCT.2017.8071286&partnerID=40&md5=7643e1442f8b263eb3154d18f5266f89",Conference Paper,"Final","",Scopus,2-s2.0-85037811287
"Li, S., Zhang, H., Jia, Z., Zhong, C., Zhang, C., Shan, Z., Shen, J., Babar, M.A.","57194059507;55685593500;57208783746;57225831549;56204544900;57210374871;57220190538;6602842620;","Understanding and addressing quality attributes of microservices architecture: A Systematic literature review",2021,"Information and Software Technology","131",,"106449","","",,5,"10.1016/j.infsof.2020.106449","https://www.scopus.com/inward/record.uri?eid=2-s2.0-85097144108&doi=10.1016%2fj.infsof.2020.106449&partnerID=40&md5=12a7fa386b4fdce447ce3bfda55806de",Review,"Final","",Scopus,2-s2.0-85097144108
"Houmani, Z., Balouek-Thomert, D., Caron, E., Parashar, M.","57218393364;57188689969;7003746153;7003417260;","Enhancing microservices architectures using data-driven service discovery and QoS guarantees",2020,"Proceedings - 20th IEEE/ACM International Symposium on Cluster, Cloud and Internet Computing, CCGRID 2020",,,"9139713","290","299",,5,"10.1109/CCGrid49817.2020.00-64","https://www.scopus.com/inward/record.uri?eid=2-s2.0-85089096127&doi=10.1109%2fCCGrid49817.2020.00-64&partnerID=40&md5=03e595a208f75932c3e4b1e9b581a2ce",Conference Paper,"Final","All Open Access, Green",Scopus,2-s2.0-85089096127
"Leppanen, T., Savaglio, C., Loven, L., Jarvenpaa, T., Ehsani, R., Peltonen, E., Fortino, G., Riekki, J.","36181320400;56028706000;57195415020;57215815504;57215812445;56878913300;6602895297;14009440600;","Edge-based microservices architecture for internet of things: Mobility analysis case study",2019,"2019 IEEE Global Communications Conference, GLOBECOM 2019 - Proceedings",,,"9014273","","",,5,"10.1109/GLOBECOM38437.2019.9014273","https://www.scopus.com/inward/record.uri?eid=2-s2.0-85081954730&doi=10.1109%2fGLOBECOM38437.2019.9014273&partnerID=40&md5=0b849b74e94a69ecca7d323cd01dfa21",Conference Paper,"Final","All Open Access, Green",Scopus,2-s2.0-85081954730
"Song, H., Nguyen, P.H., Chauvel, F., Glattetre, J., Schjerpen, T.","57195274282;55646510700;13104917300;57214649930;57215297507;","Customizing multi-tenant saas by microservices: A reference architecture",2019,"Proceedings - 2019 IEEE International Conference on Web Services, ICWS 2019 - Part of the 2019 IEEE World Congress on Services",,,"8818453","446","448",,5,"10.1109/ICWS.2019.00081","https://www.scopus.com/inward/record.uri?eid=2-s2.0-85071946103&doi=10.1109%2fICWS.2019.00081&partnerID=40&md5=67ea805d02912560a33aa0f1521192b3",Conference Paper,"Final","",Scopus,2-s2.0-85071946103
"Munaf, R.M., Ahmed, J., Khakwani, F., Rana, T.","57209738263;57205854693;57209736422;57206163105;","Microservices architecture: Challenges and proposed conceptual design",2019,"2019 International Conference on Communication Technologies, ComTech 2019",,,"8737831","82","87",,5,"10.1109/COMTECH.2019.8737831","https://www.scopus.com/inward/record.uri?eid=2-s2.0-85068556478&doi=10.1109%2fCOMTECH.2019.8737831&partnerID=40&md5=2beea7afe30cb78c7a1ef2a369d2e55e",Conference Paper,"Final","",Scopus,2-s2.0-85068556478
"Salah, T., Zemerly, M.J., Yeun, C.Y., Al-Qutayri, M., Al-Hammadi, Y.","57193716515;6506874830;6508380997;6602401716;57219191220;","IoT Applications: From Mobile Agents to Microservices Architecture",2019,"Proceedings of the 2018 13th International Conference on Innovations in Information Technology, IIT 2018",,,"8605967","117","122",,5,"10.1109/INNOVATIONS.2018.8605967","https://www.scopus.com/inward/record.uri?eid=2-s2.0-85062429459&doi=10.1109%2fINNOVATIONS.2018.8605967&partnerID=40&md5=0ece39c2bc3635c95bacc85c01a440ec",Conference Paper,"Final","",Scopus,2-s2.0-85062429459
"Jambunathan, B., Yoganathan, K.","57164818100;57205421175;","Architecture Decision on using Microservices or Serverless Functions with Containers",2018,"Proceedings of the 2018 International Conference on Current Trends towards Converging Technologies, ICCTCT 2018",,,"8551035","","",,5,"10.1109/ICCTCT.2018.8551035","https://www.scopus.com/inward/record.uri?eid=2-s2.0-85059948292&doi=10.1109%2fICCTCT.2018.8551035&partnerID=40&md5=304d66bd02a0bb776c40e8dccfca0ad0",Conference Paper,"Final","",Scopus,2-s2.0-85059948292
"Mendonça, N.C., Garlan, D., Schmerl, B., Cámara, J.","55889032000;35582414000;6603262333;7005270176;","Generality vs. reusability in architecture-based self-adaptation: The case for self-adaptive microservices",2018,"ACM International Conference Proceeding Series",,,"a18","","",,5,"10.1145/3241403.3241423","https://www.scopus.com/inward/record.uri?eid=2-s2.0-85055713031&doi=10.1145%2f3241403.3241423&partnerID=40&md5=710aa59600ea988ecf704b144ada2f43",Conference Paper,"Final","",Scopus,2-s2.0-85055713031
"Ghayyur, S.A.K., Razzaq, A., Ullah, S., Ahmed, S.","23975907700;57338789500;57211565632;57202834896;","Matrix clustering based migration of system application to microservices architecture",2018,"International Journal of Advanced Computer Science and Applications","9","1",,"284","296",,5,"10.14569/IJACSA.2018.090139","https://www.scopus.com/inward/record.uri?eid=2-s2.0-85049507543&doi=10.14569%2fIJACSA.2018.090139&partnerID=40&md5=6c6af064f04ed262c6788696f3b5589c",Article,"Final","All Open Access, Gold, Green",Scopus,2-s2.0-85049507543
"Bixio, L., Delzanno, G., Rebora, S., Rulli, M.","57275131500;56261525500;57220128800;57220127643;","A flexible IoT stream processing architecture based on microservices",2020,"Information (Switzerland)","11","12","565","1","19",,4,"10.3390/info11120565","https://www.scopus.com/inward/record.uri?eid=2-s2.0-85097025660&doi=10.3390%2finfo11120565&partnerID=40&md5=4fcc5bc763d34c9f00210c03bd6efe2c",Article,"Final","All Open Access, Gold",Scopus,2-s2.0-85097025660
"Kallergis, D., Garofalaki, Z., Katsikogiannis, G., Douligeris, C.","56025655700;57193953089;55807875700;7005181891;","CAPODAZ: A containerised authorisation and policy-driven architecture using microservices",2020,"Ad Hoc Networks","104",,"102153","","",,4,"10.1016/j.adhoc.2020.102153","https://www.scopus.com/inward/record.uri?eid=2-s2.0-85083815210&doi=10.1016%2fj.adhoc.2020.102153&partnerID=40&md5=8f0d00975148046f65bc0aa1e7522d49",Article,"Final","All Open Access, Green",Scopus,2-s2.0-85083815210
"Andriyanto, A., Doss, R., Yustianto, P.","57188658748;23501473800;56703278000;","Adopting SOA and Microservices for Inter-enterprise Architecture in SME Communities",2019,"ICEEIE 2019 - International Conference on Electrical, Electronics and Information Engineering: Emerging Innovative Technology for Sustainable Future",,,"8981437","282","287",,4,"10.1109/ICEEIE47180.2019.8981437","https://www.scopus.com/inward/record.uri?eid=2-s2.0-85084757785&doi=10.1109%2fICEEIE47180.2019.8981437&partnerID=40&md5=fccdc41238839411df59347adda81c4b",Conference Paper,"Final","",Scopus,2-s2.0-85084757785
"Wang, Y.","57215825335;","Towards service discovery and autonomic version management in self-healing microservices architecture",2019,"ACM International Conference Proceeding Series","2",,,"63","66",,4,"10.1145/3344948.3344952","https://www.scopus.com/inward/record.uri?eid=2-s2.0-85081977968&doi=10.1145%2f3344948.3344952&partnerID=40&md5=158322ebb48412b95d2690510ee0629a",Conference Paper,"Final","All Open Access, Green",Scopus,2-s2.0-85081977968
"Scattone, F.F., Braghetto, K.R.","57207102157;22633385900;","A microservices architecture for distributed Complex Event Processing in smart cities",2019,"Proceedings - 2018 IEEE 37th International Symposium on Reliable Distributed Systems Workshops, SRDSW 2018",,,"8615650","6","9",,4,"10.1109/SRDSW.2018.00012","https://www.scopus.com/inward/record.uri?eid=2-s2.0-85062236290&doi=10.1109%2fSRDSW.2018.00012&partnerID=40&md5=b147cd5230e07ea1c9ad5a5ad3b59692",Conference Paper,"Final","All Open Access, Green",Scopus,2-s2.0-85062236290
"Baboi, M., Iftene, A., Gîfu, D.","57212227306;23397232600;42661254500;","Dynamic microservices to create scalable and fault tolerance architecture",2019,"Procedia Computer Science","159",,,"1035","1044",,4,"10.1016/j.procs.2019.09.271","https://www.scopus.com/inward/record.uri?eid=2-s2.0-85076259598&doi=10.1016%2fj.procs.2019.09.271&partnerID=40&md5=eb7a81179bd977703fe11f23e2d69afa",Conference Paper,"Final","All Open Access, Gold",Scopus,2-s2.0-85076259598
"Cavallari, M., Tornieri, F.","10041800500;56786298500;","Information systems architecture and organization in the Era of MicroServices",2018,"Lecture Notes in Information Systems and Organisation","24",,,"165","177",,4,"10.1007/978-3-319-62636-9_11","https://www.scopus.com/inward/record.uri?eid=2-s2.0-85041844658&doi=10.1007%2f978-3-319-62636-9_11&partnerID=40&md5=7768eae35f19bf218cc3810a880f63b2",Book Chapter,"Final","",Scopus,2-s2.0-85041844658
"Mateus-Coelho, N., Cruz-Cunha, M., Ferreira, L.G.","57223338541;36720366700;57193618060;","Security in microservices architectures",2021,"Procedia Computer Science","181",,,"1225","1236",,3,"10.1016/j.procs.2021.01.320","https://www.scopus.com/inward/record.uri?eid=2-s2.0-85105682499&doi=10.1016%2fj.procs.2021.01.320&partnerID=40&md5=51eebd544c9029f7af4b795b9df60018",Conference Paper,"Final","All Open Access, Gold",Scopus,2-s2.0-85105682499
"Moreira, J.B., Mamede, H., Pereira, V., Sousa, B.","57218384744;36458782500;55204072000;16310528800;","Next generation of microservices for the 5G Service-Based Architecture",2020,"International Journal of Network Management","30","6","e2132","","",,3,"10.1002/nem.2132","https://www.scopus.com/inward/record.uri?eid=2-s2.0-85089027508&doi=10.1002%2fnem.2132&partnerID=40&md5=f555633d3c3b1c27ff98a43231de3eef",Article,"Final","",Scopus,2-s2.0-85089027508
"Xu, B., Bian, J.","57221401065;55557066500;","A Cloud Robotic Application Platform Design Based on the Microservices Architecture",2020,"ACM International Conference Proceeding Series",,,,"13","18",,3,"10.1145/3437802.3437805","https://www.scopus.com/inward/record.uri?eid=2-s2.0-85099012045&doi=10.1145%2f3437802.3437805&partnerID=40&md5=fa0596b80d5c1f72c6fb9a2b97a97e24",Conference Paper,"Final","",Scopus,2-s2.0-85099012045
"Ntentos, E., Zdun, U., Plakidas, K., Meixner, S., Geiger, S.","57210983340;55908948800;57126318900;57205713181;57202437475;","Assessing architecture conformance to coupling-related patterns and practices in microservices",2020,"Lecture Notes in Computer Science (including subseries Lecture Notes in Artificial Intelligence and Lecture Notes in Bioinformatics)","12292 LNCS",,,"3","20",,3,"10.1007/978-3-030-58923-3_1","https://www.scopus.com/inward/record.uri?eid=2-s2.0-85091491521&doi=10.1007%2f978-3-030-58923-3_1&partnerID=40&md5=852b8b64ad1e641a174f35e177b88b39",Conference Paper,"Final","All Open Access, Green",Scopus,2-s2.0-85091491521
"Papapostolu, T.","57202886964;","μσADL: An architecture description language for MicroServices",2020,"Advances in Intelligent Systems and Computing","1018",,,"885","889",,3,"10.1007/978-3-030-25629-6_138","https://www.scopus.com/inward/record.uri?eid=2-s2.0-85070017253&doi=10.1007%2f978-3-030-25629-6_138&partnerID=40&md5=4b0c7762541383dbf8cb3aab732dc349",Conference Paper,"Final","",Scopus,2-s2.0-85070017253
"Dinh-Tuan, H., Beierle, F., Garzon, S.R.","57210553720;56556766400;25926464000;","MAIA: A microservices-based architecture for industrial data analytics",2019,"Proceedings - 2019 IEEE International Conference on Industrial Cyber Physical Systems, ICPS 2019",,,"8780345","23","30",,3,"10.1109/ICPHYS.2019.8780345","https://www.scopus.com/inward/record.uri?eid=2-s2.0-85070933513&doi=10.1109%2fICPHYS.2019.8780345&partnerID=40&md5=83d6eea12d26328f6e32829b6adbffbf",Conference Paper,"Final","All Open Access, Green",Scopus,2-s2.0-85070933513
"Jarwar, M.A., Ali, S., Chong, I.","57193264890;57193677805;15520719000;","Microservices model to enhance the availability of data for buildings energy efficiency management services",2019,"Energies","12","3","360","","",,3,"10.3390/en12030360","https://www.scopus.com/inward/record.uri?eid=2-s2.0-85060914476&doi=10.3390%2fen12030360&partnerID=40&md5=b8d4f3ba862252b7262f00c2d070bd55",Article,"Final","All Open Access, Gold",Scopus,2-s2.0-85060914476
"Ngankam, H.K., Pigot, H., Parenteau, M., Lussier, M., Aboujaoudé, A., Laliberté, C., Couture, M., Bier, N., Giroux, S.","57193568340;55916374700;55103339000;36651204700;57211146284;57212024285;57222546875;10242573100;14041701600;","An IoT Architecture of Microservices for Ambient Assisted Living Environments to Promote Aging in Smart Cities",2019,"Lecture Notes in Computer Science (including subseries Lecture Notes in Artificial Intelligence and Lecture Notes in Bioinformatics)","11862 LNCS",,,"154","167",,3,"10.1007/978-3-030-32785-9_14","https://www.scopus.com/inward/record.uri?eid=2-s2.0-85075727470&doi=10.1007%2f978-3-030-32785-9_14&partnerID=40&md5=47151e1b6a0e477a3fd14c815441a490",Conference Paper,"Final","All Open Access, Hybrid Gold",Scopus,2-s2.0-85075727470
"Phipathananunth, C., Bunyakiati, P.","57194067661;24477489100;","Synthetic Runtime Monitoring of Microservices Software Architecture",2018,"Proceedings - International Computer Software and Applications Conference","2",,"8377902","448","453",,3,"10.1109/COMPSAC.2018.10274","https://www.scopus.com/inward/record.uri?eid=2-s2.0-85055578819&doi=10.1109%2fCOMPSAC.2018.10274&partnerID=40&md5=d49604a2bd07a26d7cef7863a26740d6",Conference Paper,"Final","",Scopus,2-s2.0-85055578819
"Zúñiga-Prieto, M., Insfran, E., Abrahão, S., Cano-Genoves, C.","56524481200;6506793505;8211929700;57192005049;","Automation of the incremental integration of microservices architectures",2017,"Lecture Notes in Information Systems and Organisation","22",,,"51","68",,3,"10.1007/978-3-319-52593-8_4","https://www.scopus.com/inward/record.uri?eid=2-s2.0-85018772815&doi=10.1007%2f978-3-319-52593-8_4&partnerID=40&md5=30381447a7fe002e26d4d7ce508e0cac",Book Chapter,"Final","All Open Access, Green",Scopus,2-s2.0-85018772815
"Hannousse, A., Yahiouche, S.","54396976500;57219542811;","Securing microservices and microservice architectures: A systematic mapping study",2021,"Computer Science Review","41",,"100415","","",,2,"10.1016/j.cosrev.2021.100415","https://www.scopus.com/inward/record.uri?eid=2-s2.0-85111013385&doi=10.1016%2fj.cosrev.2021.100415&partnerID=40&md5=f42d641300d8c183f02d073c173d0fa3",Review,"Final","All Open Access, Green",Scopus,2-s2.0-85111013385
"Shabani, I., Mëziu, E., Berisha, B., Biba, T.","56549829500;57221941965;57222261400;57222260639;","Design of Modern Distributed Systems based on Microservices Architecture",2021,"International Journal of Advanced Computer Science and Applications","12","2",,"153","159",,2,"10.14569/IJACSA.2021.0120220","https://www.scopus.com/inward/record.uri?eid=2-s2.0-85102053360&doi=10.14569%2fIJACSA.2021.0120220&partnerID=40&md5=66d80d5d543d51e115a1ca7e83411d13",Article,"Final","All Open Access, Gold",Scopus,2-s2.0-85102053360
"Moussa, M., Benachenhou, A., Belghit, S., Adda Benattia, A., Boumehdi, A.","57200726626;55810200800;57218701286;56516861300;57218700332;","An Implementation of Microservices Based Architecture for Remote Laboratories",2021,"Advances in Intelligent Systems and Computing","1231 AISC",,,"154","161",,2,"10.1007/978-3-030-52575-0_12","https://www.scopus.com/inward/record.uri?eid=2-s2.0-85090094403&doi=10.1007%2f978-3-030-52575-0_12&partnerID=40&md5=0267a587d6b7a525e98417fe31fb6edd",Conference Paper,"Final","",Scopus,2-s2.0-85090094403
"Waseem, M., Liang, P., Marquez, G., Salle, A.D.","57189504629;24923262400;56160547700;22733721200;","Testing microservices architecture-based applications: A systematic mapping study",2020,"Proceedings - Asia-Pacific Software Engineering Conference, APSEC","2020-December",,"9359275","119","128",,2,"10.1109/APSEC51365.2020.00020","https://www.scopus.com/inward/record.uri?eid=2-s2.0-85102372417&doi=10.1109%2fAPSEC51365.2020.00020&partnerID=40&md5=073007603c5ccc92e3b41f66c95a5980",Conference Paper,"Final","",Scopus,2-s2.0-85102372417
"Damis, H.A., Shehada, D., Fachkha, C., Gawanmeh, A., Al-Karaki, J.N.","57191197959;56165640000;55550133900;8615692300;6603514601;","A Microservices Architecture for ADS-B Data Security Using Blockchain",2020,"2020 3rd International Conference on Signal Processing and Information Security, ICSPIS 2020",,,"9340152","","",,2,"10.1109/ICSPIS51252.2020.9340152","https://www.scopus.com/inward/record.uri?eid=2-s2.0-85101112141&doi=10.1109%2fICSPIS51252.2020.9340152&partnerID=40&md5=3cc6de211ab6feb233c0a6bb352bb815",Conference Paper,"Final","",Scopus,2-s2.0-85101112141
"Poniszewska-Marańda, A., Vesely, P., Urikova, O., Ivanochko, I.","8717200400;57195951243;55210843200;57035614300;","Building microservices architecture for smart banking",2020,"Advances in Intelligent Systems and Computing","1035",,,"534","543",,2,"10.1007/978-3-030-29035-1_52","https://www.scopus.com/inward/record.uri?eid=2-s2.0-85071423564&doi=10.1007%2f978-3-030-29035-1_52&partnerID=40&md5=209ea794010954856dae55a6f4fade66",Conference Paper,"Final","",Scopus,2-s2.0-85071423564
"Magableh, B., Almiani, M.","35797524200;57189663325;","A Self Healing Microservices Architecture: A Case Study in Docker Swarm Cluster",2020,"Advances in Intelligent Systems and Computing","926",,,"846","858",,2,"10.1007/978-3-030-15032-7_71","https://www.scopus.com/inward/record.uri?eid=2-s2.0-85064008433&doi=10.1007%2f978-3-030-15032-7_71&partnerID=40&md5=817af813d98b9ecbfb9a5f1b6ee41433",Conference Paper,"Final","All Open Access, Green",Scopus,2-s2.0-85064008433
"Zhelev, S., Rozeva, A.","57200047633;35240855900;","Using microservices and event driven architecture for big data stream processing",2019,"AIP Conference Proceedings","2172",,"090010","","",,2,"10.1063/1.5133587","https://www.scopus.com/inward/record.uri?eid=2-s2.0-85075784444&doi=10.1063%2f1.5133587&partnerID=40&md5=82b5cadc1eb04ea0ea8620a6472bed71",Conference Paper,"Final","All Open Access, Bronze",Scopus,2-s2.0-85075784444
"De Oliveira Dos Santos, E.F.M., Werner, C.M.L.","57215327895;7201754422;","A survey on microservices criticality attributes on established architectures",2019,"Proceedings - 2019 International Conference on Information Systems and Software Technologies, ICI2ST 2019",,,"8940402","149","155",,2,"10.1109/ICI2ST.2019.00028","https://www.scopus.com/inward/record.uri?eid=2-s2.0-85078162562&doi=10.1109%2fICI2ST.2019.00028&partnerID=40&md5=86b0be92ad9e7b72fc9bca701885a87d",Conference Paper,"Final","",Scopus,2-s2.0-85078162562
"Santana, C., Andrade, L., Mello, B., Batista, E., Sampaio, J.V., Prazeres, C.","57205425455;57169685100;57211990056;57205428877;57211988130;18234259400;","A reliable architecture based on reactive microservices for IoT applications",2019,"Proceedings of the 25th Brazillian Symposium on Multimedia and the Web, WebMedia 2019",,,,"15","19",,2,"10.1145/3323503.3345027","https://www.scopus.com/inward/record.uri?eid=2-s2.0-85075624004&doi=10.1145%2f3323503.3345027&partnerID=40&md5=ba1bf9da5c4422a5e533257506b15759",Conference Paper,"Final","",Scopus,2-s2.0-85075624004
"Orduz, J.S., Orozco, G.D., Tobar-Arteaga, C.H., Rendon, O.M.C.","57215587619;57215578059;57201994946;57214098924;","μvIMS: A Finer-Scalable Architecture Based on Microservices",2019,"Proceedings - 2019 IEEE 44th Local Computer Networks Symposium on Emerging Topics in Networking, LCN Symposium 2019",,,"9000664","141","148",,2,"10.1109/LCNSymposium47956.2019.9000664","https://www.scopus.com/inward/record.uri?eid=2-s2.0-85081239092&doi=10.1109%2fLCNSymposium47956.2019.9000664&partnerID=40&md5=cab7853fe4c9d02dcbe093fd00a9fc0d",Conference Paper,"Final","",Scopus,2-s2.0-85081239092
"Calderón-Gómez, H., Navarro-Marín, F., Gómez-Pulido, J.M., Castillo-Sequera, J.L., Garcés-Jiménez, A., Polo-Luque, M.-L., Sanz-Moreno, J., Sención, G., Vargas-Lombardo, M.","57212213794;57212209516;36767542700;25961191100;57211567137;8076303600;6701656393;57212210017;36009410700;","Development of ehealth applications-based on microservices in a cloud architecture [Desarrollo de aplicaciones eHealth basadas en microservicios en una arquitectura de Cloud]",2019,"RISTI - Revista Iberica de Sistemas e Tecnologias de Informacao","2019","E23",,"81","93",,2,,"https://www.scopus.com/inward/record.uri?eid=2-s2.0-85076201969&partnerID=40&md5=0f465ede87a26740e252eecae4b9fa71",Article,"Final","",Scopus,2-s2.0-85076201969
"Aragon, H., Braganza, S., Boza, E.F., Parrales, J., Abad, C.L.","57209223551;57209223366;57196238001;57209225578;22957218500;","Workload characterization of a software-as-a-service web application implemented with a microservices architecture",2019,"The Web Conference 2019 - Companion of the World Wide Web Conference, WWW 2019",,,,"746","750",,2,"10.1145/3308560.3316466","https://www.scopus.com/inward/record.uri?eid=2-s2.0-85066898475&doi=10.1145%2f3308560.3316466&partnerID=40&md5=33cc10da981833bfe3adee8e83846fb4",Conference Paper,"Final","",Scopus,2-s2.0-85066898475
"Yuan, E.","55339010500;","Architecture interoperability and repeatability with microservices: An industry perspective",2019,"Proceedings - 2019 IEEE/ACM 2nd International Workshop on Establishing a Community-Wide Infrastructure for Architecture-Based Software Engineering, ECASE 2019",,,"8815604","26","33",,2,"10.1109/ECASE.2019.00013","https://www.scopus.com/inward/record.uri?eid=2-s2.0-85072784151&doi=10.1109%2fECASE.2019.00013&partnerID=40&md5=3dedd78f5b64e13e4cb826458b3c2e50",Conference Paper,"Final","",Scopus,2-s2.0-85072784151
"Alvarez, Q.J.M., Sanabria, O.J.A., Garcia, M.J.I.","57208861951;57208867172;57217473949;","Microservices-based architecture for fault diagnosis in tele-rehabilitation equipment operated via Internet",2019,"LATS 2019 - 20th IEEE Latin American Test Symposium",,,"8704556","","",,2,"10.1109/LATW.2019.8704556","https://www.scopus.com/inward/record.uri?eid=2-s2.0-85065964779&doi=10.1109%2fLATW.2019.8704556&partnerID=40&md5=282c010d40f6a0fa792797b7489bd0de",Conference Paper,"Final","",Scopus,2-s2.0-85065964779
"Tang, W., Wang, L., Xue, G.","57208127256;57208610117;7202468123;","Design of high availability service discovery for microservices architecture",2019,"ACM International Conference Proceeding Series",,,,"253","257",,2,"10.1145/3312662.3312676","https://www.scopus.com/inward/record.uri?eid=2-s2.0-85064990407&doi=10.1145%2f3312662.3312676&partnerID=40&md5=3152819e70001ad6b465a66f49ecfad1",Conference Paper,"Final","",Scopus,2-s2.0-85064990407
"Perera, K.J.P.G., Perera, I.","57212750446;54783210900;","A rule-based system for automated generation of serverless-microservices architecture",2018,"4th IEEE International Symposium on Systems Engineering, ISSE 2018 - Proceedings",,,"8544423","","",,2,"10.1109/SysEng.2018.8544423","https://www.scopus.com/inward/record.uri?eid=2-s2.0-85059972907&doi=10.1109%2fSysEng.2018.8544423&partnerID=40&md5=f1e6287553b0c4fd6497cf10ba66f2ed",Conference Paper,"Final","",Scopus,2-s2.0-85059972907
"Perera, K.J.P.G., Perera, I.","57212750446;54783210900;","TheArchitect: A Serverless-Microservices Based High-level Architecture Generation Tool",2018,"Proceedings - 17th IEEE/ACIS International Conference on Computer and Information Science, ICIS 2018",,,"8466390","204","210",,2,"10.1109/ICIS.2018.8466390","https://www.scopus.com/inward/record.uri?eid=2-s2.0-85055717443&doi=10.1109%2fICIS.2018.8466390&partnerID=40&md5=7f0d778b66fb4e4cbee8f3d643a3f79c",Conference Paper,"Final","",Scopus,2-s2.0-85055717443
"Lin, H., Zhao, J., Jiao, Y., Cao, J., Ouyang, H., Yuan, B., Xiong, G.","57194943709;23391470500;57194939505;57194948445;55569745900;57194941655;57202994000;","Research on designing an integrated electric power marketing information system based on microapplications and microservices architecture",2018,"2018 3rd IEEE International Conference on Cloud Computing and Big Data Analysis, ICCCBDA 2018",,,,"600","607",,2,"10.1109/ICCCBDA.2018.8386586","https://www.scopus.com/inward/record.uri?eid=2-s2.0-85050120113&doi=10.1109%2fICCCBDA.2018.8386586&partnerID=40&md5=86ac1f46fbff2ea9ad2945f8b2a0f127",Conference Paper,"Final","",Scopus,2-s2.0-85050120113
"Yugopuspito, P., Panduwinata, F., Informatics, S., Harapan, U.P.","24726050500;57193679219;57202285702;57202292592;","Microservices architecture: Case on the migration of reservation-based parking system",2018,"International Conference on Communication Technology Proceedings, ICCT","2017-October",,,"1827","1831",,2,"10.1109/ICCT.2017.8359946","https://www.scopus.com/inward/record.uri?eid=2-s2.0-85047754949&doi=10.1109%2fICCT.2017.8359946&partnerID=40&md5=54f0b13036f71c39927d6ac7abda2e0a",Conference Paper,"Final","",Scopus,2-s2.0-85047754949
"Arévalo, M., Escobar, C., Monasse, P., Monzón, N., Colom, M.","57194084909;57194078809;6506801007;55749010500;55549886000;","The IPOL demo system: A scalable architecture of microservices for reproducible research",2017,"Lecture Notes in Computer Science (including subseries Lecture Notes in Artificial Intelligence and Lecture Notes in Bioinformatics)","10214 LNCS",,,"3","16",,2,"10.1007/978-3-319-56414-2_1","https://www.scopus.com/inward/record.uri?eid=2-s2.0-85018627919&doi=10.1007%2f978-3-319-56414-2_1&partnerID=40&md5=628a34a7e371d0cc19fe7f366364d88c",Conference Paper,"Final","All Open Access, Green",Scopus,2-s2.0-85018627919
"Ghosh, A., Mukherjee, A., Misra, S.","57192385153;56828611700;7401768547;","SEGA: Secured Edge Gateway Microservices Architecture for IIoT-Based Machine Monitoring",2022,"IEEE Transactions on Industrial Informatics","18","3",,"1949","1956",,1,"10.1109/TII.2021.3102158","https://www.scopus.com/inward/record.uri?eid=2-s2.0-85112618977&doi=10.1109%2fTII.2021.3102158&partnerID=40&md5=7129b80f100dd538ab010b8508aeb035",Article,"Final","",Scopus,2-s2.0-85112618977
"Laigner, R., Zhou, Y., Salles, M.A.V., Liu, Y., Kalinowski, M.","57195258642;9732488300;54407264800;57222487010;8288075800;","Data management in microservices: State of the practice, challenges, and research directions",2021,"Proceedings of the VLDB Endowment","14","13",,"3348","",,1,"10.14778/3484224.3484232","https://www.scopus.com/inward/record.uri?eid=2-s2.0-85117280834&doi=10.14778%2f3484224.3484232&partnerID=40&md5=1a6c2a7b1d33c549a29a7a412282c765",Conference Paper,"Final","",Scopus,2-s2.0-85117280834
"Liu, G., Huang, B., Liang, Z., Qin, M., Zhou, H., Li, Z.","57219711031;57216158968;55485401600;57221518851;55574209301;57219714337;","Microservices: Architecture, container, and challenges",2020,"Proceedings - Companion of the 2020 IEEE 20th International Conference on Software Quality, Reliability, and Security, QRS-C 2020",,,"9282637","629","635",,1,"10.1109/QRS-C51114.2020.00107","https://www.scopus.com/inward/record.uri?eid=2-s2.0-85099389136&doi=10.1109%2fQRS-C51114.2020.00107&partnerID=40&md5=548c377d5847d0e8194d1473d8b5e9ab",Conference Paper,"Final","",Scopus,2-s2.0-85099389136
"Morais, G., Adda, M.","57221502623;55897082100;","OMSAC-Ontology of Microservices Architecture Concepts",2020,"11th Annual IEEE Information Technology, Electronics and Mobile Communication Conference, IEMCON 2020",,,"9284892","293","301",,1,"10.1109/IEMCON51383.2020.9284892","https://www.scopus.com/inward/record.uri?eid=2-s2.0-85099308853&doi=10.1109%2fIEMCON51383.2020.9284892&partnerID=40&md5=843075be57d86a29f7867b449b73ca69",Conference Paper,"Final","",Scopus,2-s2.0-85099308853
"Dai, F., Liu, G., Li, Z., Mo, Q., Li, T.","55434920100;57219711031;57219714337;56009617600;57217781875;","Microservices: Architecture, Communication, and Challenges [微服务技术:体系结构, 通信和挑战]",2020,"Yingyong Kexue Xuebao/Journal of Applied Sciences","38","5",,"761","778",,1,"10.3969/j.issn.0255-8297.2020.05.008","https://www.scopus.com/inward/record.uri?eid=2-s2.0-85094887778&doi=10.3969%2fj.issn.0255-8297.2020.05.008&partnerID=40&md5=63466cd5acaca857b41d7f1420beee27",Article,"Final","",Scopus,2-s2.0-85094887778
"Razzaq, A.","57202830357;","Microservices architecture for iot applications in the ocean: Microservices architecture based framework for reducing the complexity and increasing the scalability of iot applications in the ocean",2020,"Proceedings - 2020 20th International Conference on Computational Science and Its Applications, ICCSA 2020",,,"9257516","87","90",,1,"10.1109/ICCSA50381.2020.00025","https://www.scopus.com/inward/record.uri?eid=2-s2.0-85098171266&doi=10.1109%2fICCSA50381.2020.00025&partnerID=40&md5=22587187eac89ecc65d71ae0048b32f3",Conference Paper,"Final","",Scopus,2-s2.0-85098171266
"Chen, C., Cai, J., Ren, N., Cheng, X.","57208135790;57208135279;57220961018;57207731456;","Design and Implementation of Multi-tenant Vehicle Monitoring Architecture Based on Microservices and Spark Streaming",2020,"Proceedings - 2020 International Conference on Communications, Information System and Computer Engineering, CISCE 2020",,,"9258792","169","172",,1,"10.1109/CISCE50729.2020.00040","https://www.scopus.com/inward/record.uri?eid=2-s2.0-85097935534&doi=10.1109%2fCISCE50729.2020.00040&partnerID=40&md5=c3515e7759b996e5c616aa7dc5a5833d",Conference Paper,"Final","",Scopus,2-s2.0-85097935534
"Al-Debagy, O., Martinek, P.","57212389126;57207550423;","A metrics framework for evaluating microservices architecture designs",2020,"Journal of Web Engineering","19","3-4",,"341","369",,1,"10.13052/jwe1540-9589.19341","https://www.scopus.com/inward/record.uri?eid=2-s2.0-85097953752&doi=10.13052%2fjwe1540-9589.19341&partnerID=40&md5=03d3c7abc8691a78e1beff4a0a994f9f",Article,"Final","",Scopus,2-s2.0-85097953752
"Vistbakka, I., Troubitsyna, E.","57195516576;55886153800;","Formalising Privacy-Preserving Constraints in Microservices Architecture",2020,"Lecture Notes in Computer Science (including subseries Lecture Notes in Artificial Intelligence and Lecture Notes in Bioinformatics)","12531 LNCS",,,"308","317",,1,"10.1007/978-3-030-63406-3_19","https://www.scopus.com/inward/record.uri?eid=2-s2.0-85098291087&doi=10.1007%2f978-3-030-63406-3_19&partnerID=40&md5=3de1e9f875ded64c28a895a0fb83f60c",Conference Paper,"Final","",Scopus,2-s2.0-85098291087
"Stefan, L.","6601961191;","Blockchain technologies and microservices for open learning communities. A software architecture perspective",2020,"eLearning and Software for Education Conference",,,,"126","133",,1,"10.12753/2066-026X-20-186","https://www.scopus.com/inward/record.uri?eid=2-s2.0-85096547462&doi=10.12753%2f2066-026X-20-186&partnerID=40&md5=000e1ff850daedfdfb08c97f8ac21e75",Conference Paper,"Final","",Scopus,2-s2.0-85096547462
"Nebel, A., González, L.","57219345420;55605778813;","Quality-based Methodology for Assessing the Applicability of Microservices Architecture",2020,"23rd Iberoamerican Conference on Software Engineering, CIbSE 2020",,,,"","",,1,,"https://www.scopus.com/inward/record.uri?eid=2-s2.0-85092279529&partnerID=40&md5=c2c465ec22898907df413badffdf8e0b",Conference Paper,"Final","",Scopus,2-s2.0-85092279529
"Maisto, S.A., Di Martino, B., Nacchia, S.","57189258448;7003351260;57189264858;","From Monolith to Cloud Architecture Using Semi-automated Microservices Modernization",2020,"Lecture Notes in Networks and Systems","96",,,"638","647",,1,"10.1007/978-3-030-33509-0_60","https://www.scopus.com/inward/record.uri?eid=2-s2.0-85074727034&doi=10.1007%2f978-3-030-33509-0_60&partnerID=40&md5=f3ddba1b27bdb96d1ddc2ad9dc2fd16e",Book Chapter,"Final","",Scopus,2-s2.0-85074727034
"Santos, N., Salgado, C.E., Morais, F., Melo, M., Silva, S., Martins, R., Pereira, M., Rodrigues, H., Machado, R.J., Ferreira, N., Pereira, M.","55554675300;36612309900;56785916600;57203219604;57200015121;57208203408;57215824273;26025444300;7101977854;55877297872;57215824258;","A logical architecture design method for microservices architectures",2019,"ACM International Conference Proceeding Series","2",,,"145","151",,1,"10.1145/3344948.3344991","https://www.scopus.com/inward/record.uri?eid=2-s2.0-85081967720&doi=10.1145%2f3344948.3344991&partnerID=40&md5=e53beff670a0e3cbc16d8cee598e79f8",Conference Paper,"Final","",Scopus,2-s2.0-85081967720
"Wu, M., Ding, X., Hou, R.","57210174873;25421149900;36620366800;","Design and implementation of B2B E-commerce platform based on microservices architecture",2019,"ACM International Conference Proceeding Series",,,,"30","34",,1,"10.1145/3339363.3339369","https://www.scopus.com/inward/record.uri?eid=2-s2.0-85069779190&doi=10.1145%2f3339363.3339369&partnerID=40&md5=cfbc26fd0388c3593057d17cd7dfbbe5",Conference Paper,"Final","",Scopus,2-s2.0-85069779190
"Santos, N., Rodrigues, H., Ferreira, N., Machado, R.J.","55554675300;26025444300;55877297872;7101977854;","Inputs from a Model-Based Approach Towards the Specification of Microservices Logical Architectures: An Experience Report",2019,"Lecture Notes in Computer Science (including subseries Lecture Notes in Artificial Intelligence and Lecture Notes in Bioinformatics)","11915 LNCS",,,"473","488",,1,"10.1007/978-3-030-35333-9_33","https://www.scopus.com/inward/record.uri?eid=2-s2.0-85076575200&doi=10.1007%2f978-3-030-35333-9_33&partnerID=40&md5=58e4f1e5f9fa6531cd1651066fff7e40",Conference Paper,"Final","",Scopus,2-s2.0-85076575200
"Jagiełło, M., Rusek, M., Karwowski, W.","57211202198;6701373160;57207504734;","Performance and resilience to failures of an cloud-based application: Monolithic and microservices-based architectures compared",2019,"Lecture Notes in Computer Science (including subseries Lecture Notes in Artificial Intelligence and Lecture Notes in Bioinformatics)","11703 LNCS",,,"445","456",,1,"10.1007/978-3-030-28957-7_37","https://www.scopus.com/inward/record.uri?eid=2-s2.0-85072954632&doi=10.1007%2f978-3-030-28957-7_37&partnerID=40&md5=8a240e763740ac884fbe5cd34208c6df",Conference Paper,"Final","",Scopus,2-s2.0-85072954632
"Boudeffa, A., Abherve, A., Bagnato, A., Ruscio, D.D., Mateus, M., Almeida, B.","57210160798;56286434300;36052505500;57201633392;49863939700;26648027500;","Integrating and deploying heterogeneous components by means of a microservices architecture in the CROSSMINER project",2019,"CEUR Workshop Proceedings","2405",,,"67","72",,1,,"https://www.scopus.com/inward/record.uri?eid=2-s2.0-85069635650&partnerID=40&md5=f9b4225ecaf8d1f86eb0cb23b241178c",Conference Paper,"Final","",Scopus,2-s2.0-85069635650
"Simonis, I.","6507262129;","Container-based architecture to optimize the integration of microservices into cloud-based data-intensive application scenarios",2018,"ACM International Conference Proceeding Series",,,"a34","","",,1,"10.1145/3241403.3241439","https://www.scopus.com/inward/record.uri?eid=2-s2.0-85055702277&doi=10.1145%2f3241403.3241439&partnerID=40&md5=37fc9cd1f119c958fc59a5a748302d7e",Conference Paper,"Final","",Scopus,2-s2.0-85055702277
"Márquez, G., Astudillo, H.","56160547700;6603646692;","Helping novice architects to manage architectural technical debt in microservices architecture",2018,"JIISIC 2018 - Jornadas Iberoamericanas de Ingenieria de Software e Ingenieria del Conocimiento",,,,"97","108",,1,,"https://www.scopus.com/inward/record.uri?eid=2-s2.0-85050071753&partnerID=40&md5=17d3d7bb3e17ad1c4df00eadc261a667",Conference Paper,"Final","",Scopus,2-s2.0-85050071753
"Rai, A., Jagadeesh Kannan, R.","57190882771;24921467900;","Mathematical architecture of microservices for geographic information system based health management system",2017,"Asian Journal of Pharmaceutical and Clinical Research","10",,,"402","405",,1,"10.22159/ajpcr.2017.v10s1.19976","https://www.scopus.com/inward/record.uri?eid=2-s2.0-85025476312&doi=10.22159%2fajpcr.2017.v10s1.19976&partnerID=40&md5=e92d4b0dcae7fd36f48402b1d7266686",Article,"Final","All Open Access, Hybrid Gold",Scopus,2-s2.0-85025476312
"Oumoussa, I., Faieq, S., Saidi, R.","57436524100;57192090039;24725653100;","When Microservices Architecture and Blockchain Technology Meet: Challenges and Design Concepts",2022,"Lecture Notes on Data Engineering and Communications Technologies","110",,,"161","172",,,"10.1007/978-3-030-94188-8_16","https://www.scopus.com/inward/record.uri?eid=2-s2.0-85123898082&doi=10.1007%2f978-3-030-94188-8_16&partnerID=40&md5=c47eecdc1ec9405043c50ce527edc2f5",Book Chapter,"Final","",Scopus,2-s2.0-85123898082
"Surianarayanan, C.","37017610000;","Microservices architecture for edge computing environment",2022,"Advances in Computers",,,,"","",,,"10.1016/bs.adcom.2021.12.001","https://www.scopus.com/inward/record.uri?eid=2-s2.0-85123733039&doi=10.1016%2fbs.adcom.2021.12.001&partnerID=40&md5=8224ccd294d0a5dd58895ac0afb61060",Book Chapter,"Article in Press","",Scopus,2-s2.0-85123733039
"Singh, A., Raj, V., Ravichandra, S.","57422264100;57215743655;56646484300;","Integration of Attribute-Based Access Control in Microservices Architecture",2022,"Lecture Notes in Networks and Systems","321",,,"681","690",,,"10.1007/978-981-16-5987-4_69","https://www.scopus.com/inward/record.uri?eid=2-s2.0-85123309120&doi=10.1007%2f978-981-16-5987-4_69&partnerID=40&md5=ffed6c536b69f78bb306b91448152611",Conference Paper,"Final","",Scopus,2-s2.0-85123309120
"Quiña-Mera, A., Flores Landeta, D., Rea-Peñafiel, X.M., Guevara-Vega, C.","57205362034;57290045600;57214235601;57205359597;","Quality Evaluation of a Spring Cloud Microservices Architecture Implementation",2022,"Smart Innovation, Systems and Technologies","252",,,"745","754",,,"10.1007/978-981-16-4126-8_66","https://www.scopus.com/inward/record.uri?eid=2-s2.0-85116850025&doi=10.1007%2f978-981-16-4126-8_66&partnerID=40&md5=c956687002a238f038e4c158a419f194",Conference Paper,"Final","",Scopus,2-s2.0-85116850025
"Morais, G., Bork, D., Adda, M.","57221502623;56202518300;55897082100;","Towards an ontology-driven approach to model and analyze microservices architectures",2021,"ACM International Conference Proceeding Series",,,,"79","86",,,"10.1145/3444757.3485108","https://www.scopus.com/inward/record.uri?eid=2-s2.0-85121611952&doi=10.1145%2f3444757.3485108&partnerID=40&md5=0ed7bb4317d6c7ae0623296cc08d13bb",Conference Paper,"Final","",Scopus,2-s2.0-85121611952
"Aksakalli, I.K., Celik, T., Can, A.B., Tekinerdogan, B.","56780440800;55634984700;35101513300;15761578600;","A model-driven architecture for automated deployment of microservices",2021,"Applied Sciences (Switzerland)","11","20","9617","","",,,"10.3390/app11209617","https://www.scopus.com/inward/record.uri?eid=2-s2.0-85117339162&doi=10.3390%2fapp11209617&partnerID=40&md5=7e9171bb1765ec3931fad153c9112612",Article,"Final","All Open Access, Green",Scopus,2-s2.0-85117339162
"Kristianto, H., Zahra, A.","57289099700;55844125600;","Performance Analysis of Choreography and Orchestration in Microservices Architecture",2021,"Journal of Theoretical and Applied Information Technology","99","18",,"4220","4230",,,,"https://www.scopus.com/inward/record.uri?eid=2-s2.0-85116631707&partnerID=40&md5=ca49ebedfaaecaa83a5f4743006ffe0a",Article,"Final","",Scopus,2-s2.0-85116631707
"Weerasinghe, L.D.S.B., Perera, I.","56875437600;54783210900;","An exploratory evaluation of replacing ESB with microservices in service-oriented architecture",2021,"Proceedings - International Research Conference on Smart Computing and Systems Engineering, SCSE 2021",,,,"137","144",,,"10.1109/SCSE53661.2021.9568289","https://www.scopus.com/inward/record.uri?eid=2-s2.0-85118716726&doi=10.1109%2fSCSE53661.2021.9568289&partnerID=40&md5=3d5947e1340f8e265a5202a55006ddfe",Conference Paper,"Final","",Scopus,2-s2.0-85118716726
"Mendonca, N.C., Box, C., Manolache, C., Ryan, L.","55889032000;57239551000;57240193000;57239869800;","The Monolith Strikes Back: Why Istio Migrated from Microservices to a Monolithic Architecture",2021,"IEEE Software","38","5","9520758","17","22",,,"10.1109/MS.2021.3080335","https://www.scopus.com/inward/record.uri?eid=2-s2.0-85113917561&doi=10.1109%2fMS.2021.3080335&partnerID=40&md5=56a5ae254f10ad9191a0215306062dbd",Article,"Final","All Open Access, Bronze",Scopus,2-s2.0-85113917561
"Rasheedh, J.A., Saradha, S.","57220899979;57200217802;","Reactive Microservices Architecture Using a Framework of Fault Tolerance Mechanisms",2021,"Proceedings of the 2nd International Conference on Electronics and Sustainable Communication Systems, ICESC 2021",,,,"146","150",,,"10.1109/ICESC51422.2021.9532893","https://www.scopus.com/inward/record.uri?eid=2-s2.0-85116625443&doi=10.1109%2fICESC51422.2021.9532893&partnerID=40&md5=b094e1b307cc800dd5636b9a846e47b0",Conference Paper,"Final","",Scopus,2-s2.0-85116625443
"Raj, V., Sadam, R.","57215743655;56646484300;","Patterns for migration of soa based applications to microservices architecture",2021,"Journal of Web Engineering","20","5",,"1229","1246",,,"10.13052/jwe1540-9589.2051","https://www.scopus.com/inward/record.uri?eid=2-s2.0-85114631813&doi=10.13052%2fjwe1540-9589.2051&partnerID=40&md5=54a4143c154df5ffb6483cfcf0705c97",Article,"Final","",Scopus,2-s2.0-85114631813
"Lima, H.R., Souza, K.C., De Paula, L.V., E Martins, L.M.C., Giozza, W.F., De Sousa, R.T.","57273272600;57273272700;57273272800;57205025877;23967823100;57226531027;","Acceptance Tests over Microservices Architecture using Behaviour-Driven Development [Testes de Aceitação com Behaviour-Driven Development em uma Arquitetura de Microsserviços]",2021,"Iberian Conference on Information Systems and Technologies, CISTI",,,,"","",,,"10.23919/CISTI52073.2021.9476643","https://www.scopus.com/inward/record.uri?eid=2-s2.0-85115763607&doi=10.23919%2fCISTI52073.2021.9476643&partnerID=40&md5=3aaaa3bb5d563a3fc66a01ab662ce0cf",Conference Paper,"Final","",Scopus,2-s2.0-85115763607
"Rizki, M., Fajar, A.N., Retnowardhani, A.","57213162547;57188877288;55577317400;","Designing Online Healthcare Using DDD in Microservices Architecture",2021,"Journal of Physics: Conference Series","1898","1","012010","","",,,"10.1088/1742-6596/1898/1/012010","https://www.scopus.com/inward/record.uri?eid=2-s2.0-85109036235&doi=10.1088%2f1742-6596%2f1898%2f1%2f012010&partnerID=40&md5=a0144255f4b5227715f69714c80cfe91",Conference Paper,"Final","All Open Access, Gold",Scopus,2-s2.0-85109036235
"Kubiak, D., Zabierowski, W.","57284609700;24479845200;","A Comparative Analysis of the Performance of Implementing a Java Application Based on the Microservices Architecture, for Various AWS EC2 Instances",2021,"International Conference on Perspective Technologies and Methods in MEMS Design","2021-May",,,"1","6",,,"10.1109/MEMSTECH53091.2021.9467912","https://www.scopus.com/inward/record.uri?eid=2-s2.0-85116330795&doi=10.1109%2fMEMSTECH53091.2021.9467912&partnerID=40&md5=d49f601c68c74cd0370a3eccbab3f374",Conference Paper,"Final","",Scopus,2-s2.0-85116330795
"Yunanto, A.A., Hardiansyah, F.F., Putra, A.A.A., Rasyid, M.B.A., Arifiani, S.","57211335585;57197713721;57432792200;57330035600;56766258700;","Development of sandbox components with microservices architecture and design patterns in games",2021,"Procedia Computer Science","197",,,"354","361",,,"10.1016/j.procs.2021.12.150","https://www.scopus.com/inward/record.uri?eid=2-s2.0-85123783801&doi=10.1016%2fj.procs.2021.12.150&partnerID=40&md5=ae3a8c45e402b70ddfa2cdff15f254f6",Conference Paper,"Final","All Open Access, Gold",Scopus,2-s2.0-85123783801
"Liu, M.","57428893600;","Practical Application of Improving the System Reliability and Stability via Microservices Architecture",2021,"Proceedings - 2021 7th International Symposium on System and Software Reliability, ISSSR 2021",,,,"80","85",,,"10.1109/ISSSR53171.2021.00023","https://www.scopus.com/inward/record.uri?eid=2-s2.0-85123640310&doi=10.1109%2fISSSR53171.2021.00023&partnerID=40&md5=19dfa7602c2482cf1925d9d7393dbb22",Conference Paper,"Final","",Scopus,2-s2.0-85123640310
"Sadek, J., Craig, D., Trenell, M.","36634539700;57413620900;7801560103;","Design and Implementation of Medical Searching System Based on Microservices and Serverless Architectures",2021,"Procedia Computer Science","196",,,"615","622",,,"10.1016/j.procs.2021.12.056","https://www.scopus.com/inward/record.uri?eid=2-s2.0-85122853605&doi=10.1016%2fj.procs.2021.12.056&partnerID=40&md5=30a62323c9155225d734903faebe051a",Conference Paper,"Final","All Open Access, Gold",Scopus,2-s2.0-85122853605
"Roy, C., Saha, R., Misra, S., Dev, K.","54988406800;57226185588;7401768547;57190336390;","Micro-Safe: Microservices- and Deep Learning-Based Safety-as-a-Service Architecture for 6G-Enabled Intelligent Transportation System",2021,"IEEE Transactions on Intelligent Transportation Systems",,,,"","",,,"10.1109/TITS.2021.3110725","https://www.scopus.com/inward/record.uri?eid=2-s2.0-85118635976&doi=10.1109%2fTITS.2021.3110725&partnerID=40&md5=d0159b7deb5424f5e2d841b88fbaeaa0",Article,"Article in Press","",Scopus,2-s2.0-85118635976
"de Gasperis, G., Penna, G.D., Facchini, S.D.","6601980656;57216809162;57264327300;","A microservices architecture for machine learning assisted decision support in a real-time field sensors environment",2021,"CEUR Workshop Proceedings","2978",,,"","",,,,"https://www.scopus.com/inward/record.uri?eid=2-s2.0-85117755944&partnerID=40&md5=c42ef672b793c7915f2656f66e4b4a0c",Conference Paper,"Final","",Scopus,2-s2.0-85117755944
"Thullier, F., Hallé, S., Gaboury, S.","57200335686;16315846500;25627749700;","LE2ML: a microservices-based machine learning workbench as part of an agnostic, reliable and scalable architecture for smart homes",2021,"Journal of Ambient Intelligence and Humanized Computing",,,,"","",,,"10.1007/s12652-021-03528-8","https://www.scopus.com/inward/record.uri?eid=2-s2.0-85117157767&doi=10.1007%2fs12652-021-03528-8&partnerID=40&md5=cb39696a0d2ba909e9936b2b454a40b2",Article,"Article in Press","",Scopus,2-s2.0-85117157767
"Raj, V., Sadam, R.","57215743655;56646484300;","Performance and complexity comparison of service oriented architecture and microservices architecture",2021,"International Journal of Communication Networks and Distributed Systems","27","1",,"100","117",,,"10.1504/IJCNDS.2021.116463","https://www.scopus.com/inward/record.uri?eid=2-s2.0-85111433167&doi=10.1504%2fIJCNDS.2021.116463&partnerID=40&md5=feae4c16355e029d43ebc4c3c6665c67",Article,"Final","",Scopus,2-s2.0-85111433167
"Costantini, S., De Gasperis, G., De Lauretis, L.","8707974500;6601980656;57212462540;","An application of declarative languages in distributed architectures: Asp and dali microservices",2021,"International Journal of Interactive Multimedia and Artificial Intelligence","6","5",,"66","78",,,"10.9781/ijimai.2021.02.001","https://www.scopus.com/inward/record.uri?eid=2-s2.0-85108356021&doi=10.9781%2fijimai.2021.02.001&partnerID=40&md5=084af7e6f739919f2aba6656df5452b4",Article,"Final","All Open Access, Gold",Scopus,2-s2.0-85108356021
"Heraldo Yusron, P., Naufal Rizqullah, P.H., Soewito, B.","57224770134;57224781794;24473788700;","Benchmarking microservices architecture in improving user experience",2021,"Journal of Theoretical and Applied Information Technology","99","11",,"2605","2616",,,,"https://www.scopus.com/inward/record.uri?eid=2-s2.0-85108250076&partnerID=40&md5=dfeadcc5ba843cc625f589705c8e63cb",Article,"Final","",Scopus,2-s2.0-85108250076
"Castillo Rivas, D.A., Guamán, D.","57224319914;57188566526;","Performance and Security Evaluation in Microservices Architecture Using Open Source Containers",2021,"Communications in Computer and Information Science","1388 CCIS",,,"484","498",,,"10.1007/978-3-030-71503-8_37","https://www.scopus.com/inward/record.uri?eid=2-s2.0-85107362883&doi=10.1007%2f978-3-030-71503-8_37&partnerID=40&md5=631fe0e024d3193eac3ad81174f6eb4d",Conference Paper,"Final","",Scopus,2-s2.0-85107362883
"De Giacomo, G., Lenzerini, M., Leotta, F., Mecella, M.","7003852691;56962738200;37118890600;6602717537;","From Component-Based Architectures to Microservices: A 25-years-long Journey in Designing and Realizing Service-Based Systems",2021,"Lecture Notes in Computer Science (including subseries Lecture Notes in Artificial Intelligence and Lecture Notes in Bioinformatics)","12521 LNCS",,,"3","15",,,"10.1007/978-3-030-73203-5_1","https://www.scopus.com/inward/record.uri?eid=2-s2.0-85104142076&doi=10.1007%2f978-3-030-73203-5_1&partnerID=40&md5=75820fa8e3d38a7960382bdd87a5ce53",Book Chapter,"Final","",Scopus,2-s2.0-85104142076
"Bandara, E., Liang, X., Foytik, P., Shetty, S., Ranasinghe, N., Zoysa, K.D., Ng, W.K.","57207573380;57195358870;55923281600;8970891400;24779711700;39862507100;56921257600;","SaaS - Microservices-Based Scalable Smart Contract Architecture",2021,"Communications in Computer and Information Science","1364",,,"228","243",,,"10.1007/978-981-16-0422-5_16","https://www.scopus.com/inward/record.uri?eid=2-s2.0-85102516893&doi=10.1007%2f978-981-16-0422-5_16&partnerID=40&md5=2a4ae89557b934701767ac8e179986af",Conference Paper,"Final","",Scopus,2-s2.0-85102516893
"Solarte, Z., Gonzalez, J.D., Peña, L., Mondragon, O.H.","25655652600;57209602294;55332213000;57188658258;","Microservices-based architecture for resilient cities applications",2021,"Lecture Notes in Electrical Engineering","685 LNEE",,,"423","432",,,"10.1007/978-3-030-53021-1_43","https://www.scopus.com/inward/record.uri?eid=2-s2.0-85089720410&doi=10.1007%2f978-3-030-53021-1_43&partnerID=40&md5=9c6b681c8d004fd7aae5e9ef82790241",Conference Paper,"Final","",Scopus,2-s2.0-85089720410
"Bixio, L., Delzanno, G., Rebora, S., Rulli, M.","57275131500;56261525500;57220128800;57220127643;","Adaptive real time IoT stream processing in microservices architecture",2020,"OpenAccess Series in Informatics","86",,"12","","",,,"10.4230/OASIcs.Gabbrielli.2020.12","https://www.scopus.com/inward/record.uri?eid=2-s2.0-85115855147&doi=10.4230%2fOASIcs.Gabbrielli.2020.12&partnerID=40&md5=eaa8de4dbc47f46320f37f553958fb22",Conference Paper,"Final","",Scopus,2-s2.0-85115855147
"Wei, H., Bai, G., Luo, Z.","57222625612;55954311500;22433447600;","Foggy: A New Anonymous Communication Architecture Based on Microservices",2020,"Proceedings of the IEEE International Conference on Engineering of Complex Computer Systems, ICECCS","2020-October",,"9376209","135","144",,,"10.1109/ICECCS51672.2020.00023","https://www.scopus.com/inward/record.uri?eid=2-s2.0-85103522519&doi=10.1109%2fICECCS51672.2020.00023&partnerID=40&md5=bad53fb82c99623708fb94de13353579",Conference Paper,"Final","",Scopus,2-s2.0-85103522519
"Jagadeesan, L.J., Mendiratta, V.B.","6602157422;8213250300;","When Failure is (Not) an Option: Reliability Models for Microservices Architectures",2020,"Proceedings - 2020 IEEE 31st International Symposium on Software Reliability Engineering Workshops, ISSREW 2020",,,"9307715","19","24",,,"10.1109/ISSREW51248.2020.00031","https://www.scopus.com/inward/record.uri?eid=2-s2.0-85099866678&doi=10.1109%2fISSREW51248.2020.00031&partnerID=40&md5=02036281c8d341d90b2350c3db5cf12e",Conference Paper,"Final","",Scopus,2-s2.0-85099866678
"Franca, M.L., Marino, L., Martorana, L., Leo, M., Carcagni, P., Distante, C., Sergi, I., Patrono, L.","57220053636;57220061688;57194649302;7006471658;23003296600;55884135100;55512097200;6507173572;","A Novel Approach based on Microservices Architectures and Computer Vision to improve access to Culture Heritage",2020,"2020 5th International Conference on Smart and Sustainable Technologies, SpliTech 2020",,,"9243806","","",,,"10.23919/SpliTech49282.2020.9243806","https://www.scopus.com/inward/record.uri?eid=2-s2.0-85096717315&doi=10.23919%2fSpliTech49282.2020.9243806&partnerID=40&md5=8f7085e20d8262c21b19949db2cd6531",Conference Paper,"Final","",Scopus,2-s2.0-85096717315
"Costantini, S., De Lauretis, L.","8707974500;57212462540;","An application of answer set programming in distributed architectures: Asp microservices",2020,"Electronic Proceedings in Theoretical Computer Science, EPTCS","325",,,"230","243",,,"10.4204/EPTCS.325.28","https://www.scopus.com/inward/record.uri?eid=2-s2.0-85092611155&doi=10.4204%2fEPTCS.325.28&partnerID=40&md5=50733aeb9e7b4c62246ae1e61f639899",Conference Paper,"Final","All Open Access, Gold, Green",Scopus,2-s2.0-85092611155
"Abram, K., Tedjojuwono, S.M.","57219569655;56669859500;","Automated mobile trip plan using simulated annealing in microservices architecture",2020,"Proceedings of 2020 International Conference on Information Management and Technology, ICIMTech 2020",,,"9211137","421","426",,,"10.1109/ICIMTech50083.2020.9211137","https://www.scopus.com/inward/record.uri?eid=2-s2.0-85093927129&doi=10.1109%2fICIMTech50083.2020.9211137&partnerID=40&md5=3dc666b60f96e52c4774af8c1ca92a40",Conference Paper,"Final","",Scopus,2-s2.0-85093927129
"Tao, L., Fan, Y., Zhang, T., Zhao, C., Yang, T.","57218340458;57218339062;57218339040;57218340039;57218340723;","Research and Application on Microservices Architecture in Civil Affairs Informatization",2020,"Journal of Physics: Conference Series","1575","1","012076","","",,,"10.1088/1742-6596/1575/1/012076","https://www.scopus.com/inward/record.uri?eid=2-s2.0-85088859493&doi=10.1088%2f1742-6596%2f1575%2f1%2f012076&partnerID=40&md5=30afbec88681599ab2ce3b70d064f33f",Conference Paper,"Final","",Scopus,2-s2.0-85088859493
"Vistbakka, I., Troubitsyna, E.","57195516576;55886153800;","Analysing Privacy-Preserving Constraints in Microservices Architecture",2020,"Proceedings - 2020 IEEE 44th Annual Computers, Software, and Applications Conference, COMPSAC 2020",,,"9202522","1089","1090",,,"10.1109/COMPSAC48688.2020.0-126","https://www.scopus.com/inward/record.uri?eid=2-s2.0-85094170701&doi=10.1109%2fCOMPSAC48688.2020.0-126&partnerID=40&md5=b2def46fdb0a24fc8ee9dfd29786e194",Conference Paper,"Final","",Scopus,2-s2.0-85094170701
"Miyagoshi, K., Teranishi, Y., Kawakami, T., Yoshihisa, T., Shimojo, S.","57219594155;7005618564;36947352300;12763160200;35518189500;","Proposal of a Logical Sensor Architecture using WoT-Based Edge Microservices",2020,"Proceedings - 2020 IEEE 44th Annual Computers, Software, and Applications Conference, COMPSAC 2020",,,"9202761","1223","1228",,,"10.1109/COMPSAC48688.2020.00-89","https://www.scopus.com/inward/record.uri?eid=2-s2.0-85094096335&doi=10.1109%2fCOMPSAC48688.2020.00-89&partnerID=40&md5=f6cfe25c23fe418a8708faaa29e8c1eb",Conference Paper,"Final","All Open Access, Green",Scopus,2-s2.0-85094096335
"Fajar, A.N., Putra, R.A.","57188877288;57216485506;","Analysis of implementation container-based microservices architectures within the open source software developer community (CASE: Opendaylight Devops community)",2020,"Journal of Theoretical and Applied Information Technology","98","7",,"926","936",,,,"https://www.scopus.com/inward/record.uri?eid=2-s2.0-85083682177&partnerID=40&md5=65655e3f76ffae50b47f82733abe93bb",Article,"Final","",Scopus,2-s2.0-85083682177
"Rozi, I.F., Ariyanto, R., Pramudita, A.N., Yunianto, D.R., Putra, I.F.","57201288641;57205019364;57215042257;57193069454;57200569246;","Implementation of microservices architecture on certification information system (case study: LSP P1 State Polytechnic of Malang)",2020,"IOP Conference Series: Materials Science and Engineering","732","1","012085","","",,,"10.1088/1757-899X/732/1/012085","https://www.scopus.com/inward/record.uri?eid=2-s2.0-85079773626&doi=10.1088%2f1757-899X%2f732%2f1%2f012085&partnerID=40&md5=f77363e2d1fe897d769d0bb2c8c1119d",Conference Paper,"Final","All Open Access, Gold",Scopus,2-s2.0-85079773626
"El-Ghareeb, H.A.","24070510200;","Neutrosophic-based domain-specific languages and rules engine to ensure data sovereignty and consensus achievement in microservices architecture",2020,"Optimization Theory Based on Neutrosophic and Plithogenic Sets",,,,"21","43",,,"10.1016/B978-0-12-819670-0.00002-0","https://www.scopus.com/inward/record.uri?eid=2-s2.0-85092340051&doi=10.1016%2fB978-0-12-819670-0.00002-0&partnerID=40&md5=d5397db67593597cb5254bcf68c3a664",Book Chapter,"Final","",Scopus,2-s2.0-85092340051
"Modugu, S.R., Farhat, H.","57221086170;57221106404;","Implementation of the Internet of Things Application Based on Spring Boot Microservices and REST Architecture",2020,"Advances in Intelligent Systems and Computing","1294",,,"20","31",,,"10.1007/978-3-030-63322-6_3","https://www.scopus.com/inward/record.uri?eid=2-s2.0-85098106146&doi=10.1007%2f978-3-030-63322-6_3&partnerID=40&md5=698c4502e98bc5e39956d9eb7b7ca66a",Conference Paper,"Final","",Scopus,2-s2.0-85098106146
"Mioto de Oliveira dos Santos, E.F., Werner, C.M.L., de França Costa, M.","57215327895;7201754422;57219344675;","Selection methods for criticality in microservices architectures: A systematic mapping",2020,"23rd Iberoamerican Conference on Software Engineering, CIbSE 2020",,,,"","",,,,"https://www.scopus.com/inward/record.uri?eid=2-s2.0-85092307110&partnerID=40&md5=fe9f1daf23b8f5fb142bb1c10693f4d7",Conference Paper,"Final","",Scopus,2-s2.0-85092307110
"Oparin, G.A., Bogdanova, V.G., Pashinin, A.A.","6508315345;56412542100;56958323800;","Automation of distributed data management in applied microservices package for scientific computations",2020,"CEUR Workshop Proceedings","2638",,,"214","224",,,,"https://www.scopus.com/inward/record.uri?eid=2-s2.0-85090427039&partnerID=40&md5=63b7adc65bc8c713513b9bcc2a5b6c42",Conference Paper,"Final","",Scopus,2-s2.0-85090427039
"Proaño, J., Reinoso, A., Juma, J.","55865968500;57216831736;57216821846;","Latent Semantic Index: A Microservices Architecture",2020,"Communications in Computer and Information Science","1154 CCIS",,,"142","153",,,"10.1007/978-3-030-46785-2_12","https://www.scopus.com/inward/record.uri?eid=2-s2.0-85084789855&doi=10.1007%2f978-3-030-46785-2_12&partnerID=40&md5=f304809c67a66543fc6122b867868f05",Conference Paper,"Final","",Scopus,2-s2.0-85084789855
"Rathore, N., Rajavat, A., Patel, M.","57216584926;55059678500;57216591780;","Investigations of Microservices Architecture in Edge Computing Environment",2020,"Lecture Notes in Networks and Systems","100",,,"77","84",,,"10.1007/978-981-15-2071-6_7","https://www.scopus.com/inward/record.uri?eid=2-s2.0-85084008611&doi=10.1007%2f978-981-15-2071-6_7&partnerID=40&md5=d4d3773adafcd768b2ee8969d368e726",Book Chapter,"Final","",Scopus,2-s2.0-85084008611
"Pushpalatha, R., Verma, S., Tiwari, V., Lakshmi, S.","57214911001;57209579746;57210456399;57211291759;","Design of Microservices Architecture for Home Automation",2020,"Lecture Notes in Networks and Systems","93",,,"303","320",,,"10.1007/978-981-15-0630-7_31","https://www.scopus.com/inward/record.uri?eid=2-s2.0-85079478088&doi=10.1007%2f978-981-15-0630-7_31&partnerID=40&md5=d856594ef74330779d8d974530aeb780",Book Chapter,"Final","",Scopus,2-s2.0-85079478088
"Chen, C., Dong, C., Cai, J., Ding, Q.","57208135790;57197750436;57208135279;57212082479;","Design and Implementation of Software Architecture for Automotive Green Supply Chain Based on Microservices",2019,"Journal of Physics: Conference Series","1314","1","012096","","",,,"10.1088/1742-6596/1314/1/012096","https://www.scopus.com/inward/record.uri?eid=2-s2.0-85075854068&doi=10.1088%2f1742-6596%2f1314%2f1%2f012096&partnerID=40&md5=7f55ebbff31f96b207e228b07656529a",Conference Paper,"Final","All Open Access, Bronze",Scopus,2-s2.0-85075854068
"Discua, D., Arias, C.R., Duron, R.M., Bailey, J.N., Patterson, C., Delgado-Escueta, A.V.","57216837439;57216841449;6508341373;57209606527;57214926112;7007017561;","Implementation of a Global Online Platform with Microservices Architecture for Studies on Genetic Epilepsies",2019,"2019 IEEE 39th Central America and Panama Convention, CONCAPAN 2019","2019-November",,"8977097","","",,,"10.1109/CONCAPANXXXIX47272.2019.8977097","https://www.scopus.com/inward/record.uri?eid=2-s2.0-85084933864&doi=10.1109%2fCONCAPANXXXIX47272.2019.8977097&partnerID=40&md5=fb6bace18469317069690179c56bf7e3",Conference Paper,"Final","",Scopus,2-s2.0-85084933864
"Adi, P.S., Istyastono, E.P.","57208514252;26635157300;","Implementation of Microservices Architecture for Application of Cyclooxygenase-2 Inhibitors Identifier",2019,"Journal of Physics: Conference Series","1235","1","012053","","",,,"10.1088/1742-6596/1235/1/012053","https://www.scopus.com/inward/record.uri?eid=2-s2.0-85070012137&doi=10.1088%2f1742-6596%2f1235%2f1%2f012053&partnerID=40&md5=6d4ebe502a08712ecdf212b46df0250b",Conference Paper,"Final","All Open Access, Bronze",Scopus,2-s2.0-85070012137
"Tang, W., Wang, L., Xue, G.","57208127256;57208610117;7202468123;","Design of Information System Architecture of Garment Enterprises Based on Microservices",2019,"Journal of Physics: Conference Series","1168","3","032128","","",,,"10.1088/1742-6596/1168/3/032128","https://www.scopus.com/inward/record.uri?eid=2-s2.0-85063899077&doi=10.1088%2f1742-6596%2f1168%2f3%2f032128&partnerID=40&md5=c71e97bf90b21ee480b3b0b0a4e3b3bc",Conference Paper,"Final","All Open Access, Bronze",Scopus,2-s2.0-85063899077
"Rajapaksa, S., Wickramarachchi, A., Mallawaarachchi, V., Rasanjana, W., Perera, I., Meedeniya, D.","57208886037;57202059503;57195402179;57208881867;54783210900;24779848000;","A Scalable Bioinformatics Analysis Platform based on Microservices Architecture",2019,"Proceedings - IEEE International Research Conference on Smart Computing and Systems Engineering, SCSE 2019",,,"8842809","70","77",,,"10.23919/SCSE.2019.8842809","https://www.scopus.com/inward/record.uri?eid=2-s2.0-85073230249&doi=10.23919%2fSCSE.2019.8842809&partnerID=40&md5=ab9479ebbf16d354e6f235485103546c",Conference Paper,"Final","",Scopus,2-s2.0-85073230249
"Parekh, N., Kurunji, S., Beck, A.","57213950497;55604691700;57206905417;","Monitoring Resources of Machine Learning Engine in Microservices Architecture",2019,"2018 IEEE 9th Annual Information Technology, Electronics and Mobile Communication Conference, IEMCON 2018",,,"8614791","486","492",,,"10.1109/IEMCON.2018.8614791","https://www.scopus.com/inward/record.uri?eid=2-s2.0-85062061478&doi=10.1109%2fIEMCON.2018.8614791&partnerID=40&md5=99f10f5d0fc3b4c5a50b8950c4b58ef7",Conference Paper,"Final","",Scopus,2-s2.0-85062061478
"Mena, M., Criado, J., Iribarne, L., Corral, A.","57210893678;36170340400;55908790400;7004661146;","A microservices architecture for digital components in the Web of Things [Una arquitectura de microservicios para componentes digitales en la Web de las Cosas]",2019,"Actas de las 24th Jornadas de Ingenieria del Software y Bases de Datos, JISBD 2019",,,,"","",,,,"https://www.scopus.com/inward/record.uri?eid=2-s2.0-85094683954&partnerID=40&md5=c821088d31ae653be4678d8d20b3dbbc",Conference Paper,"Final","",Scopus,2-s2.0-85094683954
"da Silva Filho, H.C., de Figueiredo Carneiro, G.","57201703416;26422003300;","Strategies reported in the literature to migrate to microservices based architecture",2019,"Advances in Intelligent Systems and Computing","800 Part F1",,,"575","580",,,"10.1007/978-3-030-14070-0_81","https://www.scopus.com/inward/record.uri?eid=2-s2.0-85090432055&doi=10.1007%2f978-3-030-14070-0_81&partnerID=40&md5=236b89729eaaf0fd982ff41fde7f4b63",Conference Paper,"Final","",Scopus,2-s2.0-85090432055
"Martin, J.M.R., Boggis, P.J.","57215926040;57215926228;","Use case driven microservices architecture design",2019,"Concurrent Systems Engineering Series","70",,,"463","474",,,"10.3233/978-1-61499-949-2-463","https://www.scopus.com/inward/record.uri?eid=2-s2.0-85082401504&doi=10.3233%2f978-1-61499-949-2-463&partnerID=40&md5=df5c2cd606b676fbf93b3bf1b7ad9643",Conference Paper,"Final","",Scopus,2-s2.0-85082401504
"Cruz-Filipe, L., Di Nitto, E., Mauro, J.","22333811400;6602196755;35183522700;","Special track on microservices, devops, and service-oriented architecture",2019,"Proceedings of the ACM Symposium on Applied Computing","Part F147772",,,"1224","",,,,"https://www.scopus.com/inward/record.uri?eid=2-s2.0-85065675626&partnerID=40&md5=d3d8d60076ac7d6b14c7a97506b6d4a2",Editorial,"Final","",Scopus,2-s2.0-85065675626
"Velepucha, V., Flores, P., Torres, J.","57205702324;55953626900;12240687000;","MOMMIV: Model for the decomposition of a monolithic architecture towards a microservices architecture under the principle of information hiding [MOMMIV: Modelo para descomposición de una arquitectura monolítica hacia una arquitectura de microservicios bajo el principio de ocultación de información]",2019,"RISTI - Revista Iberica de Sistemas e Tecnologias de Informacao",,"E17",,"1000","1009",,,,"https://www.scopus.com/inward/record.uri?eid=2-s2.0-85061189842&partnerID=40&md5=401aaf9e14d3998e580b21618d38ec96",Article,"Final","",Scopus,2-s2.0-85061189842
"Baran, R., Partila, P., Wilk, R.","8533456400;55506917300;57200214689;","Microservices architecture for content-based indexing of video shots",2019,"Advances in Intelligent Systems and Computing","833",,,"444","456",,,"10.1007/978-3-319-98678-4_45","https://www.scopus.com/inward/record.uri?eid=2-s2.0-85053826005&doi=10.1007%2f978-3-319-98678-4_45&partnerID=40&md5=b50505fe3dd859f3e02d30c6b21f35af",Conference Paper,"Final","",Scopus,2-s2.0-85053826005
"Assidiqi, M.H., Susanto, D., Alimudin, A., Saputra, A., Sadewa, D.A.A., Kuswadi, S.","57194024304;57208984498;57207663029;57215312665;57215313683;7801633961;","Microservices-based architecture for an Open Pervasive Display",2018,"Proceedings of the 11th International Conference on Information and Communication Technology and System, ICTS 2017","2018-January",,,"175","179",,,"10.1109/ICTS.2017.8265666","https://www.scopus.com/inward/record.uri?eid=2-s2.0-85050554005&doi=10.1109%2fICTS.2017.8265666&partnerID=40&md5=1c91a670973b0927a2831557aa7bd344",Conference Paper,"Final","",Scopus,2-s2.0-85050554005
"Sordi, M., Heulet, D.","57215330768;14819258800;","Experiment feedback on a microservices architecture",2018,"15th International Conference on Space Operations, 2018",,,"AIAA 2018-2335","","",5,,"10.2514/6.2018-2335","https://www.scopus.com/inward/record.uri?eid=2-s2.0-85066483388&doi=10.2514%2f6.2018-2335&partnerID=40&md5=c25969350abf43a5e0a69e19865b3a8c",Conference Paper,"Final","",Scopus,2-s2.0-85066483388
"Tasci, T., Walker, M., Riedel, O.","57203634078;57207154530;57200884389;","From monolith to microservices: A container-based en 61131-3 architecture",2018,"Proceedings of International Conference on Computers and Industrial Engineering, CIE","2018-December",,,"","",11,,,"https://www.scopus.com/inward/record.uri?eid=2-s2.0-85061299301&partnerID=40&md5=6b72d85cd2e78b2cfde3effe99107934",Conference Paper,"Final","",Scopus,2-s2.0-85061299301
"Singer, A., Wenzel, K., Müller, J., Langer, T., Putz, M.","57194190285;24177664000;57204185694;24376935700;8240426200;","Ontology-based microservices architecture for industrial assistant systems",2018,"Smart Systems Integration 2018 - International Conference and Exhibition on Integration Issues of Miniaturized Systems",,,,"508","511",,,,"https://www.scopus.com/inward/record.uri?eid=2-s2.0-85054816871&partnerID=40&md5=8e1479d37a8865ac62e7cb85feafc481",Conference Paper,"Final","",Scopus,2-s2.0-85054816871
"Arboleda, C., Flores, P., Torres, J.","57202996804;55953626900;12240687000;","SMMicro: A methodological proposal for migrating from monolithic architecture to microservices",2018,"JIISIC 2018 - Jornadas Iberoamericanas de Ingenieria de Software e Ingenieria del Conocimiento",,,,"137","150",,,,"https://www.scopus.com/inward/record.uri?eid=2-s2.0-85050128758&partnerID=40&md5=de07f65d2d19cf1fbc67c8dafdcd0662",Conference Paper,"Final","",Scopus,2-s2.0-85050128758
"Herrera, J.L.L., Figueroa, H.V.R.","57202216209;16043786300;","JaCa-MM: A user-centric BDI multiagent communication framework applied for negotiating and scheduling multi-participant events a jason/cartago extension framework for diary scheduling events permitting a hybrid combination of multimodal devices based on a microservices architecture",2018,"ICAART 2018 - Proceedings of the 10th International Conference on Agents and Artificial Intelligence","1",,,"318","330",,,"10.5220/0006751703180330","https://www.scopus.com/inward/record.uri?eid=2-s2.0-85047775728&doi=10.5220%2f0006751703180330&partnerID=40&md5=d14e154e340c5373ef5f27ad4e74d59f",Conference Paper,"Final","All Open Access, Hybrid Gold",Scopus,2-s2.0-85047775728
"Joshi, S.","57194706987;","Organization &amp; cultural impact of microservices architecture",2018,"Advances in Intelligent Systems and Computing","610",,,"89","95",,,"10.1007/978-3-319-60747-4_9","https://www.scopus.com/inward/record.uri?eid=2-s2.0-85021757766&doi=10.1007%2f978-3-319-60747-4_9&partnerID=40&md5=3f241c4d548e31ffc872cb837062e36f",Conference Paper,"Final","",Scopus,2-s2.0-85021757766
"González, L.P., Hoyas, B.P., De Amescua Seco, A.","57200534141;57194411650;12790343300;","Microservices architecture for multi-dimensional feature recognition using a knowledge representation model, both based on human perception [Arquitectura de microservicios para reconocimiento multi-dimensional de características utilizando un modelo de representación de conocimiento, basados en la percepción humana]",2017,"Dyna (Spain)","92","3",,"256","257",,,"10.6036/8254","https://www.scopus.com/inward/record.uri?eid=2-s2.0-85019993688&doi=10.6036%2f8254&partnerID=40&md5=aa788ab07a0ca558b21044daa2e860e7",Note,"Final","All Open Access, Bronze",Scopus,2-s2.0-85019993688
"Cuesta, C.E., Navarro, E., Zdun, U.","8986931500;35238286000;55908948800;","Synergies of system-of-systems and microservices architectures",2016,"ACM International Conference Proceeding Series",,,,"1","7",,,"10.1145/3175731.3176176","https://www.scopus.com/inward/record.uri?eid=2-s2.0-85046821946&doi=10.1145%2f3175731.3176176&partnerID=40&md5=d3eae07d7a3310283beb33421c9446dd",Conference Paper,"Final","",Scopus,2-s2.0-85046821946
